verse,score,rank_k5,rank_k10,rank_k20,p_rot
Isa.1.1,-3.6450934109374273,1290,1290,1290,0.9986831913245546
Isa.1.2,-3.6450934109374273,1290,1290,1290,0.9986831913245546
Isa.1.3,1.2500033525801466,123,31,5,0.09524916085721663
Isa.1.4,0.7753981439232732,222,65,12,0.17067647818228762
Isa.1.5,0.9141437853338574,187,90,24,0.14402530338239092
Isa.1.6,1.0162503836894572,163,120,41,0.12515104570100696
Isa.1.7,1.0557175520230984,150,204,87,0.11570100697134005
Isa.1.8,-0.04069131822675939,590,568,215,0.45684224115672606
Isa.1.9,-0.17318218620331757,673,496,280,0.5212858249419055
Isa.1.10,-0.19276123060098574,685,415,399,0.5301523366899045
Isa.1.11,0.6405145198397196,275,306,527,0.20997934417764008
Isa.1.12,0.9056374446085919,190,435,641,0.14504002065582236
Isa.1.13,0.07667563843708855,514,739,915,0.3977485153627679
Isa.1.14,0.7309090198238927,238,518,770,0.18164213787761424
Isa.1.15,0.7429169444501476,232,700,703,0.17734056287115932
Isa.1.16,0.8216469129275452,210,807,634,0.16104053705138135
Isa.1.17,-0.02525587955948095,581,956,709,0.4481099922540666
Isa.1.18,-0.0397326067710167,588,939,781,0.4566460108443067
Isa.1.19,-0.1561762465723381,663,629,695,0.5128040278853602
Isa.1.20,0.532072719535523,317,292,582,0.24508133230054222
Isa.1.21,2.1952759573465195,40,139,482,0.0307436096049574
Isa.1.22,2.6870112662276355,21,70,231,0.015313710302091402
Isa.1.23,1.4471794131417668,92,164,278,0.07075393751613736
Isa.1.24,0.5452671367633694,310,154,255,0.23953524399690163
Isa.1.25,-0.5792651076225601,908,364,206,0.7034908339788278
Isa.1.26,-0.923555650240248,1089,638,191,0.8427704621740253
Isa.1.27,-0.3294047197762188,760,749,168,0.5886883552801446
Isa.1.28,-0.02319061712512111,578,479,73,0.4470281435579654
Isa.1.29,0.237174563967582,446,348,58,0.34584301575006454
Isa.1.30,0.45637741634455675,347,321,67,0.27011877097856957
Isa.1.31,-0.12434723346173959,640,516,65,0.4950271107668474
Isa.2.1,2.2882490107010027,37,340,46,0.028063516653756778
Isa.2.2,1.038658410624296,157,369,49,0.11923315259488769
Isa.2.3,-0.5922535716155821,920,672,105,0.7102349599793442
Isa.2.4,-0.4918970686399084,867,844,138,0.6727446423960753
Isa.2.5,0.3109600190392496,412,681,152,0.3194061451071521
Isa.2.6,2.2969279875481954,36,222,108,0.027464497805318875
Isa.2.7,0.8784836825874294,199,138,117,0.1515388587658146
Isa.2.8,0.3238439488887938,406,202,175,0.3158507616834495
Isa.2.9,0.6759525600222931,257,218,209,0.19720888200361478
Isa.2.10,0.8770590119769601,200,277,340,0.15198037696875807
Isa.2.11,1.151752453867787,133,349,549,0.10252259230570616
Isa.2.12,1.8034904080684877,60,342,849,0.04609863155176865
Isa.2.13,0.891505486607472,195,661,1008,0.14796023754195714
Isa.2.14,-1.1116014882902017,1169,1234,1124,0.9056390395042603
Isa.2.15,-1.6617284807480206,1280,1254,1152,0.9907022979602376
Isa.2.16,-0.3342105452716658,764,820,991,0.5916189000774593
Isa.2.17,2.4281927264459706,28,216,370,0.02147430932093984
Isa.2.18,1.9108877764727692,55,230,258,0.04182029434546863
Isa.2.19,0.8473216420984343,204,182,256,0.15687064291247096
Isa.2.20,0.036967630855760214,542,115,257,0.41902143041569845
Isa.2.21,0.6331048726925167,279,113,189,0.21302091402013942
Isa.2.22,1.393198862918969,100,42,141,0.07682416731216112
Isa.3.1,2.3871308151294848,31,62,178,0.02356829331267751
Isa.3.2,1.6740138464905057,69,146,185,0.052163697392202425
Isa.3.3,-0.22325257114620234,702,372,180,0.5443273947844048
Isa.3.4,0.3010292685871896,415,449,113,0.3220320165246579
Isa.3.5,0.5603293921617973,305,493,93,0.23482055254324813
Isa.3.6,1.6560791622633584,73,494,119,0.05483346243222308
Isa.3.7,2.2311742097272247,38,473,89,0.029256390395042603
Isa.3.8,1.3386982050916538,111,373,92,0.08604957397366382
Isa.3.9,0.27742832003315776,428,846,132,0.33178156467854375
Isa.3.10,0.0982547066387088,504,779,190,0.3909011102504518
Isa.3.11,-0.6547882011357236,961,570,225,0.7444978053188742
Isa.3.12,-0.19002917653448467,683,194,210,0.5292124967725278
Isa.3.13,-0.3506535137039426,773,80,219,0.5987683965917893
Isa.3.14,0.04477497686431843,535,13,135,0.41335140717789826
Isa.3.15,1.6084635693009635,76,7,90,0.057363800671314226
Isa.3.16,2.843393853845758,17,1,80,0.012765298218435321
Isa.3.17,2.896035241952784,15,2,81,0.011216111541440744
Isa.3.18,5.349663309977915,4,3,112,0.0025561580170410532
Isa.3.19,5.844270847313246,1,11,130,0.0003692228246837077
Isa.3.20,1.495989013144741,86,181,337,0.06553317841466563
Isa.3.21,-0.47175912225331024,855,867,714,0.6619364833462432
Isa.3.22,-1.0480094095397445,1145,1023,882,0.885995352439969
Isa.3.23,0.8940347587752278,193,303,663,0.14732507100438935
Isa.3.24,5.831587205764825,2,19,292,0.0007461915827523883
Isa.3.25,5.4116472671542635,3,16,335,0.0018332042344435839
Isa.3.26,5.030824835281829,5,8,229,0.0033617350890782337
Isa.4.1,4.581105922841474,7,9,183,0.0049109217660728115
Isa.4.2,2.608559059220997,22,6,195,0.016751871933901367
Isa.4.3,0.5267554485381313,320,17,270,0.24809708236509165
Isa.4.4,1.0522787608919606,151,54,375,0.11606506584043377
Isa.4.5,0.48893401249695234,335,166,406,0.2615027110766847
Isa.4.6,1.3999037870352675,98,392,378,0.07569584301575007
Isa.5.1,2.222404420839822,39,239,265,0.029736638264910922
Isa.5.2,1.3745078536836681,106,447,272,0.0816576297443842
Isa.5.3,0.19010994652820007,468,650,230,0.36320681642137875
Isa.5.4,-0.6481956192785242,958,903,176,0.740557707203718
Isa.5.5,-1.0124393301654144,1126,979,145,0.8709217660728118
Isa.5.6,-0.8098325765920289,1054,744,139,0.8159411309062742
Isa.5.7,-0.7611957112585328,1032,851,146,0.7987606506584043
Isa.5.8,-0.6943556359508819,993,453,221,0.7665065840433772
Isa.5.9,-0.6991270002359188,995,544,332,0.7700335657113349
Isa.5.10,-0.5514912595747149,890,527,443,0.6906764781822876
Isa.5.11,1.0711994235613853,149,132,361,0.11437645236250968
Isa.5.12,0.4405995954096798,358,295,685,0.2780919184095017
Isa.5.13,0.13752056947847996,489,446,712,0.379142783372063
Isa.5.14,-0.15025860945639355,659,634,637,0.5087219209914795
Isa.5.15,-0.1001349828880243,628,984,745,0.48655564162148207
Isa.5.16,-0.2564611992386493,720,1191,1014,0.5577097856958431
Isa.5.17,-0.4298601016341473,829,1256,1084,0.6406919700490575
Isa.5.18,0.0844246606828786,509,1150,893,0.39495223341079266
Isa.5.19,-0.01180032570512696,571,1182,751,0.44198554092434805
Isa.5.20,-0.07445630235202613,614,1079,560,0.4738316550477666
Isa.5.21,-0.5149900127090328,880,723,503,0.6813839400981152
Isa.5.22,-0.8756805415829773,1073,731,556,0.8299974180222051
Isa.5.23,0.28593023063317347,425,327,341,0.32816421378776145
Isa.5.24,0.7485892628694969,230,207,284,0.17575781048282985
Isa.5.25,1.186673338077523,129,174,232,0.09933901368448231
Isa.5.26,0.1571393686096291,479,322,244,0.372571649883811
Isa.5.27,-0.6670575491843111,970,290,237,0.7498709011102505
Isa.5.28,-0.4429751334315424,839,304,198,0.6500387296669249
Isa.5.29,-0.6322711222323762,946,220,133,0.7316447198554092
Isa.5.30,0.4002012093231767,376,143,100,0.29155693261037957
Isa.6.1,2.576405253794426,23,28,68,0.01750580945003873
Isa.6.2,1.3217511173975889,113,133,123,0.08762716240640331
Isa.6.3,1.386451933994032,104,214,101,0.07873224890265944
Isa.6.4,0.8474431984932626,203,367,74,0.15686806093467595
Isa.6.5,0.7565790990359964,227,285,78,0.1735218177123677
Isa.6.6,0.19372100157836644,467,617,88,0.3615052930544797
Isa.6.7,0.21829230845038228,456,454,98,0.3530596436870643
Isa.6.8,0.5567122517393158,307,396,104,0.23627936999741803
Isa.6.9,1.0430480403843894,154,227,151,0.11796023754195714
Isa.6.10,0.6076185853113564,285,213,181,0.22036147689129873
Isa.6.11,1.6753048423681867,68,52,134,0.05200619674670798
Isa.6.12,0.6639248194860695,263,72,150,0.20145881745416988
Isa.6.13,0.6545111688252081,267,95,153,0.20427059127291505
Isa.7.1,1.3890449000639449,103,173,197,0.07786212238574748
Isa.7.2,-0.0692045315223558,609,536,317,0.470573199070488
Isa.7.3,-1.0925898781805732,1164,858,392,0.9003356571133488
Isa.7.4,-1.2315643173727941,1214,1139,558,0.9391686031500129
Isa.7.5,-1.2555616814157289,1223,1170,656,0.9464291247095274
Isa.7.6,-1.274791016190671,1231,1199,796,0.9516008262328944
Isa.7.7,-0.42389105415204026,823,1069,969,0.6375858507616835
Isa.7.8,-0.8934525571290993,1078,1197,1006,0.8350477665892073
Isa.7.9,-0.24836615080300284,713,1126,1064,0.5518228763232637
Isa.7.10,0.7576990338385993,226,837,1126,0.1733410792667183
Isa.7.11,-0.07531658235284436,615,656,1169,0.4745442809191841
Isa.7.12,-0.383737756895725,799,852,1149,0.61856183836819
Isa.7.13,-0.7782522756894101,1038,558,1013,0.8033694810224632
Isa.7.14,-0.6129813205399193,933,330,898,0.7219623031241932
Isa.7.15,1.4279739585175062,94,197,837,0.07254583010586109
Isa.7.16,0.7441728460522516,231,249,1060,0.17701523366899044
Isa.7.17,0.7394044088638703,233,191,1056,0.1783423702556158
Isa.7.18,0.017179548286404504,554,224,1023,0.4295068422411567
Isa.7.19,-0.3918728845141731,804,412,1078,0.6229486186418797
Isa.7.20,-0.17935152298888477,677,875,1147,0.5234521043119029
Isa.7.21,0.3678309061010314,383,1103,1142,0.29848437903434033
Isa.7.22,-0.3988463044346743,810,1270,1214,0.627443841982959
Isa.7.23,-0.7813095549675405,1041,1218,1213,0.8050064549444875
Isa.7.24,-0.4807812293233727,863,1118,1208,0.6669197004905758
Isa.7.25,0.01710618840986869,555,859,1165,0.4295249160857217
Isa.8.1,2.689792596973869,20,423,989,0.015101988122902144
Isa.8.2,1.487450503916518,87,490,1068,0.0664007229537826
Isa.8.3,-0.285177453289336,732,487,1004,0.5668758068680609
Isa.8.4,-0.6146477779555652,935,275,910,0.7228969790859798
Isa.8.5,-0.45087992309577424,841,541,599,0.6524141492383165
Isa.8.6,1.406996616725221,97,378,434,0.07472760134262846
Isa.8.7,0.40258548817790274,374,387,385,0.29052414149238315
Isa.8.8,0.3124823121040083,411,221,334,0.3190885618383682
Isa.8.9,0.24651756346369333,441,376,367,0.34163955589981926
Isa.8.10,0.3551000796794312,388,315,393,0.30232378001549187
Isa.8.11,0.17597216532734578,474,477,607,0.36830880454428094
Isa.8.12,0.3498293835799076,391,338,476,0.3040795249160857
Isa.8.13,0.5707886006036313,299,408,494,0.2299431964885102
Isa.8.14,0.8824194014625248,197,443,742,0.1504518461141234
Isa.8.15,-0.47873334441430676,860,886,870,0.6655951458817454
Isa.8.16,-0.1778486375515854,675,966,1074,0.5227652982184353
Isa.8.17,-0.41208387823761017,818,1129,1262,0.6328892331525949
Isa.8.18,-0.3151502470733432,750,879,1255,0.5790524141492384
Isa.8.19,0.45585062993051667,348,757,1209,0.2702504518461141
Isa.8.20,0.0044212595198579105,561,725,1166,0.434280919184095
Isa.8.21,0.6817533149971811,255,677,924,0.19598244255099406
Isa.8.22,0.7091335137709034,247,691,960,0.18958946553059644
Isa.8.23,-0.39399378584838934,808,945,1051,0.6241957139168604
Isa.9.1,-0.5051917827643533,874,883,1000,0.6770539633359153
Isa.9.2,-0.3267472965711296,759,912,963,0.5870746191582752
Isa.9.3,-0.021599387681500284,576,747,876,0.4464523625096824
Isa.9.4,0.0754537301929599,516,962,1029,0.39827265685515106
Isa.9.5,0.2500641717848164,439,763,1088,0.34069455202685256
Isa.9.6,-0.6372421125297957,948,685,970,0.73428350116189
Isa.9.7,-0.42349837014420827,822,686,810,0.6374696617609088
Isa.9.8,-0.5703461190047628,903,881,802,0.698863929770204
Isa.9.9,-0.35121162630182345,774,1132,1001,0.5989904466821585
Isa.9.10,-0.3178157780801787,751,1064,998,0.5809036922282468
Isa.9.11,-0.6451562037631899,955,1181,1125,0.7384895429899303
Isa.9.12,-1.0095881917307932,1123,1277,1183,0.8695868835528014
Isa.9.13,-1.4613189298713345,1259,1281,1186,0.9742731732507101
Isa.9.14,-0.8837675596469868,1075,1253,1216,0.8324864446165763
Isa.9.15,-0.9916968106774203,1116,1178,1153,0.8632920216886135
Isa.9.16,-1.1389146828017387,1179,1226,1234,0.9124167312161116
Isa.9.17,-0.9751967940862386,1108,1239,1247,0.8581099922540666
Isa.9.18,-1.4712321370988302,1262,1252,1270,0.9763929770203976
Isa.9.19,-1.2860701311472846,1233,1271,1266,0.9546475600309837
Isa.9.20,-1.0808139483196388,1159,1220,1259,0.8965582235992771
Isa.10.1,-0.8033440979175753,1051,1066,1201,0.813418538600568
Isa.10.2,-1.3517180599018759,1243,1131,1226,0.9626620191066357
Isa.10.3,-1.6583693566907547,1279,1146,1190,0.9904002065582236
Isa.10.4,-1.2935586376281107,1234,1123,1218,0.9558197779499096
Isa.10.5,-0.7390588935674438,1017,1121,1043,0.7863361735089078
Isa.10.6,-0.05317079322680172,598,943,983,0.4630286599535244
Isa.10.7,0.5400606769995119,312,1013,973,0.24163439194422928
Isa.10.8,-0.006978709768730772,569,865,941,0.43971081848696103
Isa.10.9,-0.6110927838511362,932,1004,1020,0.7210741027627162
Isa.10.10,-0.5575702655032505,896,1082,1134,0.6934417764007229
Isa.10.11,-1.3885182446577902,1251,1190,1148,0.9681719597211464
Isa.10.12,-0.02359236212668802,579,999,1156,0.44720888200361475
Isa.10.13,-0.10404421051188292,630,1002,1161,0.488001549186677
Isa.10.14,-0.011680171672345805,570,949,1058,0.44188484379034343
Isa.10.15,0.38067206940043924,381,838,943,0.296571133488252
Isa.10.16,-0.33043060098060667,761,690,894,0.5893261037955073
Isa.10.17,-0.9158805007741994,1084,951,1017,0.8395223341079266
Isa.10.18,-0.5938259735665737,922,899,900,0.7117893106119287
Isa.10.19,0.04340490556527637,536,928,818,0.4143248128066099
Isa.10.20,0.2922776389960423,420,974,733,0.3248799380325329
Isa.10.21,-0.3376458283645417,767,969,762,0.5936741544022721
Isa.10.22,-0.7514562099823037,1026,981,619,0.7926439452620707
Isa.10.23,-0.7861195697864091,1045,817,481,0.8081977794990963
Isa.10.24,-0.22581687750450916,703,712,454,0.5450684224115673
Isa.10.25,0.1380663552133511,488,606,446,0.37896720888200364
Isa.10.26,0.8102162693010617,214,388,298,0.16446682158533438
Isa.10.27,1.05114750327174,152,289,166,0.1162303124193132
Isa.10.28,1.8102147466234297,59,165,157,0.04565969532662019
Isa.10.29,1.273036100681435,121,185,177,0.0936560805577072
Isa.10.30,-0.222777221351668,701,212,216,0.5442215336948102
Isa.10.31,0.088124071740111,508,193,291,0.39390395042602633
Isa.10.32,1.4535808962103676,90,123,207,0.06989930286599536
Isa.10.33,2.9307751348990476,14,63,143,0.01048024786986832
Isa.10.34,3.7869133798509576,10,27,83,0.0072476116705396335
Isa.11.1,3.8615455218455392,9,26,82,0.006418796798347534
Isa.11.2,2.011356649255405,48,106,174,0.037012651691195456
Isa.11.3,0.5017929181278385,329,305,356,0.25670797831138653
Isa.11.4,0.2334451140048999,447,336,512,0.34710043893622516
Isa.11.5,0.19843303109567184,465,602,845,0.3589568809708237
Isa.11.6,0.9283846930622885,183,688,1091,0.14070487993803255
Isa.11.7,-0.3551272119462253,776,913,1079,0.6011928737412858
Isa.11.8,-0.2698033202260075,725,752,982,0.5616679576555642
Isa.11.9,0.4248793077491966,363,421,889,0.2834546862896979
Isa.11.10,0.5584242029927745,306,529,863,0.23555641621482054
Isa.11.11,0.24951582571507552,440,468,935,0.3408313968499871
Isa.11.12,-1.2671708626130307,1226,784,895,0.9493777433514072
Isa.11.13,-1.1879538033966457,1196,683,811,0.9263103537309579
Isa.11.14,-1.2250650907160914,1210,583,608,0.9366434288665118
Isa.11.15,0.5017559019477973,330,407,644,0.2567157242447715
Isa.11.16,0.7338500647677119,237,250,471,0.18037438678027368
Isa.12.1,1.3906226223106672,101,244,313,0.07741027627162407
Isa.12.2,0.7270657123634402,240,394,240,0.18308029950942423
Isa.12.3,-0.552877381342625,892,422,196,0.6910069713400465
Isa.12.4,0.5620505050262329,304,237,85,0.2341130906274206
Isa.12.5,0.6539290500124089,268,189,91,0.2044280919184095
Isa.12.6,1.3547712729410102,109,259,121,0.08427059127291506
Isa.13.1,1.2860441407158407,120,236,114,0.09199070487993803
Isa.13.2,1.0027708239795965,165,158,97,0.12698941389104054
Isa.13.3,-0.7737924985761595,1035,240,156,0.8016911954557191
Isa.13.4,-0.5990519846908683,926,313,331,0.716563387554867
Isa.13.5,-0.3538287745893997,775,334,316,0.6003640588690937
Isa.13.6,-0.5083178948909717,876,448,303,0.6783294603666409
Isa.13.7,-0.6810391479260177,981,320,333,0.758579912212755
Isa.13.8,-0.6824154192911802,983,508,431,0.7595739736638265
Isa.13.9,-0.7162901980036058,1002,599,477,0.7763645752646527
Isa.13.10,-1.4941799869205186,1267,864,624,0.979700490575781
Isa.13.11,-1.4682152140181324,1261,1024,585,0.9757603924606248
Isa.13.12,-0.9871873823637389,1113,937,601,0.8619132455460883
Isa.13.13,-0.9325823301325464,1093,959,412,0.8455796540149755
Isa.13.14,0.6904491695121879,253,513,271,0.19363026077975729
Isa.13.15,-0.04413656746204885,592,467,339,0.45789568809708237
Isa.13.16,-0.3248169690693555,757,438,420,0.5857913761941648
Isa.13.17,-0.16830613190801091,671,480,789,0.5196023754195714
Isa.13.18,-0.4416278538378633,838,793,772,0.6495558998192615
Isa.13.19,-0.07736207470426501,616,1018,1042,0.4762328943971082
Isa.13.20,-0.2879704853871735,735,1017,1018,0.568298476633101
Isa.13.21,-0.6438381235453471,953,1152,1135,0.7376891298734831
Isa.13.22,-0.4604718071172471,849,1030,1035,0.6565478956880971
Isa.14.1,0.2001582585148859,463,1027,950,0.3582571649883811
Isa.14.2,-0.6759849275194286,977,854,831,0.7547947327652982
Isa.14.3,0.416673973091123,367,571,839,0.2857552285050349
Isa.14.4,0.277576821692208,427,471,827,0.33175058094500387
Isa.14.5,0.6370003111609728,276,400,981,0.21136070229796025
Isa.14.6,0.5000145004138326,332,424,956,0.2573328169377743
Isa.14.7,0.059394308176739664,525,332,929,0.4064936741544023
Isa.14.8,0.047529849148669964,533,419,1022,0.4113168086754454
Isa.14.9,-0.704416751048032,997,555,1016,0.7721843532145624
Isa.14.10,-0.13689717742068916,650,790,1144,0.501988122902143
Isa.14.11,-0.005287408475019741,566,868,1200,0.43926930028401756
Isa.14.12,-0.03393270712123666,587,1153,1212,0.4548282984766331
Isa.14.13,-0.5170303502099518,882,1116,1221,0.6822927962819519
Isa.14.14,-1.3177344629033874,1240,1217,1232,0.960286599535244
Isa.14.15,-0.6564593641459914,962,1201,1250,0.745143299767622
Isa.14.16,-0.408740394595887,814,1109,1202,0.63141750580945
Isa.14.17,0.2897890464989527,421,863,1194,0.3262096565969533
Isa.14.18,-0.3590614088549628,783,500,1143,0.6042396075393751
Isa.14.19,-0.13256980733093288,645,397,1093,0.5002117221791893
Isa.14.20,0.8129881647084025,213,234,951,0.16390136844823133
Isa.14.21,0.3187426273498653,409,229,779,0.31757035889491353
Isa.14.22,1.5338952168076945,82,401,617,0.0625458301058611
Isa.14.23,0.0955686000083254,505,809,688,0.3919209914794733
Isa.14.24,1.2178420670317727,127,782,638,0.09735605473792926
Isa.14.25,-0.312119705244576,744,1072,687,0.5778724502969275
Isa.14.26,-0.8145910562941,1057,991,632,0.8179369997418022
Isa.14.27,-0.5767670932602956,907,822,595,0.7023805835269816
Isa.14.28,-0.0532908763017061,599,326,480,0.46307771753162924
Isa.14.29,1.1005085526897507,143,235,327,0.10900335657113348
Isa.14.30,0.32855829126099495,404,186,260,0.31410276271624066
Isa.14.31,0.6619466921708566,264,104,248,0.20201136070229797
Isa.14.32,-1.0577140858232956,1148,256,324,0.8885515104570101
Isa.15.1,-0.7670487452832713,1033,368,261,0.8003640588690937
Isa.15.2,-1.040543039678433,1141,466,441,0.882847921507875
Isa.15.3,-1.2513469741220473,1221,887,787,0.9454789568809708
Isa.15.4,-1.0630990678001613,1151,987,899,0.890583526981668
Isa.15.5,-1.3937354973783662,1252,1186,1069,0.9690524141492383
Isa.15.6,-1.1288650056341112,1174,1258,1180,0.9091789310611929
Isa.15.7,-1.1885603643816696,1197,1287,1246,0.9264756003098373
Isa.15.8,-1.0678501099949722,1153,1285,1265,0.8923883294603666
Isa.15.9,-0.875021886147922,1071,1275,1286,0.8297340562871159
Isa.16.1,-1.1667602293965942,1191,1286,1285,0.9223392718822618
Isa.16.2,-1.3642002714565122,1246,1288,1288,0.9647921507875032
Isa.16.3,-0.935164076985884,1094,1284,1287,0.8466692486444617
Isa.16.4,-1.0955043663503143,1165,1248,1283,0.9016550477665892
Isa.16.5,-0.9353892416916121,1096,1192,1281,0.8468035114898012
Isa.16.6,-0.5147731313093162,879,1159,1269,0.6812987348308804
Isa.16.7,-0.4088569536096098,815,1249,1244,0.6314613994319649
Isa.16.8,-1.150741399915257,1186,1263,1129,0.917405112316034
Isa.16.9,-0.9324774164087194,1092,1130,871,0.8455305964368707
Isa.16.10,-0.7417001128214906,1018,1073,693,0.7876039246062484
Isa.16.11,-0.15750468084281452,665,803,701,0.5135243996901626
Isa.16.12,0.5216091509226043,321,308,386,0.2505189775367932
Isa.16.13,0.24223876344535927,444,485,457,0.34361993286857734
Isa.16.14,-0.0690685841634867,608,409,498,0.4705112316034082
Isa.17.1,0.12465639334518688,493,526,545,0.38261037955073585
Isa.17.2,0.49977582306026386,333,298,427,0.25744384198295894
Isa.17.3,0.591307541436641,290,353,403,0.22472243738703848
Isa.17.4,1.396316468479103,99,457,400,0.07623547637490317
Isa.17.5,-0.06899885552942672,607,839,592,0.47047766589207335
Isa.17.6,-0.3553115018734463,777,1089,778,0.6013193906532404
Isa.17.7,-0.6142498021779622,934,847,812,0.7226671830622257
Isa.17.8,-0.09856427242422271,627,618,869,0.48621223857474827
Isa.17.9,0.447368816658298,354,727,912,0.27518202943454684
Isa.17.10,0.9077105438862888,189,579,743,0.14468112574231862
Isa.17.11,0.6055456748260482,286,667,618,0.2207978311386522
Isa.17.12,0.7393005459961319,234,608,572,0.17838109992254067
Isa.17.13,-0.36215714705598334,784,980,717,0.6069274464239608
Isa.17.14,-0.6254911235628325,941,1107,800,0.7274644978053189
Isa.18.1,-0.5303450593602557,887,967,519,0.6875187193390137
Isa.18.2,-0.888168224484069,1077,1090,544,0.8336509166021172
Isa.18.3,-0.748073955947384,1022,1177,794,0.7905112316034082
Isa.18.4,-1.0566499594878287,1147,1160,855,0.8882494190549961
Isa.18.5,-0.9995049573902556,1120,1115,825,0.8664084688871676
Isa.18.6,-1.011102925510348,1124,957,713,0.8702581977794991
Isa.18.7,-0.24832573970196312,712,861,551,0.5517970565453137
Isa.19.1,0.3436704555547961,394,585,429,0.3065065840433772
Isa.19.2,-0.6348122994884171,947,702,520,0.7330957913761942
Isa.19.3,-1.0625461192378864,1150,801,511,0.8903795507358637
Isa.19.4,-0.7336879235254664,1013,929,697,0.7840149754712109
Isa.19.5,0.6100895252592997,284,696,799,0.21990963077717532
Isa.19.6,0.9514462105368007,179,735,704,0.13744642396075393
Isa.19.7,0.5291198231592051,319,808,405,0.24670281435579655
Isa.19.8,-0.2680425530534853,724,918,330,0.5609011102504519
Isa.19.9,0.22927387821329986,450,748,159,0.3485489284792151
Isa.19.10,0.34916160656625744,392,796,129,0.30437903434030467
Isa.19.11,0.6700138873205623,261,553,149,0.1994552026852569
Isa.19.12,-0.10927661771110193,633,356,211,0.49028143557965403
Isa.19.13,-0.42728569684964396,826,341,359,0.6390395042602633
Isa.19.14,-0.2915022885216907,740,183,389,0.571159308029951
Isa.19.15,0.8343115360131353,206,46,353,0.15873224890265944
Isa.19.16,0.34380136946459583,393,59,522,0.3064471985540924
Isa.19.17,-0.628615451407699,943,171,804,0.729163439194423
Isa.19.18,-0.25456585253856046,719,211,727,0.5564420345985025
Isa.19.19,-0.6939891311723325,991,287,833,0.7662044926413633
Isa.19.20,-0.9689591000805836,1106,584,883,0.8557965401497547
Isa.19.21,-1.3571283498535822,1245,924,830,0.9633978827782081
Isa.19.22,-1.2292153255618086,1213,1046,773,0.938272656855151
Isa.19.23,-0.8988880481862802,1080,936,539,0.8361760908856184
Isa.19.24,-0.7055208661622292,998,910,472,0.772576813839401
Isa.19.25,0.2861603606876596,424,258,263,0.32804544280919185
Isa.20.1,0.19577897834290311,466,137,218,0.3602297960237542
Isa.20.2,-0.31269926137194626,746,108,179,0.5780609346759618
Isa.20.3,-1.2710264281849373,1227,142,199,0.9503434030467338
Isa.20.4,-0.12454278798915776,641,82,144,0.4951742835011619
Isa.20.5,1.4279248752952793,95,41,71,0.07255615801704106
Isa.20.6,1.3545214976007107,110,44,54,0.0843144848954299
Isa.21.1,2.0437717611718544,47,58,36,0.0357707203718048
Isa.21.2,1.3043138151567806,115,89,35,0.0891686031500129
Isa.21.3,0.15584896735488493,481,223,62,0.37275755228505036
Isa.21.4,0.40682768186027096,372,282,86,0.28904725019364835
Isa.21.5,-0.0069661707123883174,568,335,122,0.439708236509166
Isa.21.6,0.4828399499107248,339,519,233,0.2634572682674929
Isa.21.7,-0.6395064738065428,950,830,250,0.7353834237025562
Isa.21.8,-0.7167223746541592,1003,960,347,0.7764962561321973
Isa.21.9,0.07291812460547828,518,824,410,0.39978311386522075
Isa.21.10,1.134567996628592,136,524,487,0.10434805060676478
Isa.21.11,2.0488035414060155,46,276,517,0.03536793183578621
Isa.21.12,-0.12515522625155864,642,547,723,0.49563903950426025
Isa.21.13,-0.8103081162432983,1055,786,1036,0.8161812548412084
Isa.21.14,-1.2723345978638325,1228,860,1110,0.9507126258714175
Isa.21.15,0.03775301372043838,541,922,1127,0.41840950167828556
Isa.21.16,-0.11820391058658263,634,1136,1128,0.4923495997934418
Isa.21.17,-0.6486280316033933,959,1084,1025,0.7408752904725019
Isa.22.1,-0.3695468967882082,787,894,1034,0.6104647560030984
Isa.22.2,-1.3791766328238724,1249,765,914,0.9671004389362251
Isa.22.3,-1.0231169238794993,1136,651,884,0.8779060160082623
Isa.22.4,-0.8660399838673859,1069,375,596,0.8269248644461658
Isa.22.5,-0.07366953217423776,613,472,391,0.4731629227988639
Isa.22.6,1.6426391985401156,75,450,315,0.056287115930802996
Isa.22.7,1.5892009784303607,79,530,397,0.05924864446165763
Isa.22.8,0.32315553562356986,408,745,546,0.31609604957397364
Isa.22.9,-0.3702392443016801,789,1049,636,0.6107591014717273
Isa.22.10,-0.23791770722372305,707,940,740,0.549155693261038
Isa.22.11,0.9240997320387846,186,710,995,0.141717015233669
Isa.22.12,2.3280397916216575,33,346,1021,0.02539116963594113
Isa.22.13,0.6424591200410091,273,768,1054,0.2093364317066873
Isa.22.14,0.36795861190505286,382,660,860,0.29847663310095535
Isa.22.15,0.570219906348358,300,843,808,0.23015491866769947
Isa.22.16,-0.08749503461133828,623,1052,759,0.48227214045959205
Isa.22.17,0.5194143539651254,323,1094,658,0.25116705396333594
Isa.22.18,-0.04049125492480634,589,1077,659,0.45678027368964624
Isa.22.19,-0.19194142976957212,684,1055,711,0.5298295894655306
Isa.22.20,0.7143757371749138,246,932,593,0.18844306738962044
Isa.22.21,-0.08110253249848114,618,639,436,0.47851019881229023
Isa.22.22,-0.2282146305584315,705,188,374,0.5460960495739736
Isa.22.23,-0.6866616984513982,984,208,326,0.7621766072811774
Isa.22.24,0.5149316364847468,326,114,276,0.2528866511747999
Isa.22.25,1.5188492570706926,84,94,169,0.06384198295894655
Isa.23.1,2.779195450145606,18,61,128,0.013581203201652466
Isa.23.2,0.5991092915114058,289,209,245,0.22272140459592046
Isa.23.3,-1.2258639080763367,1211,507,342,0.9369532662019107
Isa.23.4,-1.0998739654807785,1168,514,445,0.9035140717789827
Isa.23.5,-1.3182414820138126,1241,665,478,0.9603537309579138
Isa.23.6,-0.5198745586060245,884,1033,486,0.683973663826491
Isa.23.7,-0.6254251795973692,940,1243,686,0.7274180222050091
Isa.23.8,-1.0639630586568387,1152,1251,834,0.8908933643170669
Isa.23.9,-1.2426048107862586,1219,1221,1033,0.9427911179963853
Isa.23.10,-1.4553058130511654,1257,1233,931,0.9732765298218435
Isa.23.11,-1.2378534974406017,1216,1029,878,0.9413761941647302
Isa.23.12,-1.410479846102253,1254,1010,777,0.970859798605732
Isa.23.13,-1.080099541230232,1158,1039,660,0.8963439194422927
Isa.23.14,-0.7962313164488452,1046,870,621,0.8108365608055771
Isa.23.15,0.004055627384998217,562,431,464,0.4344900593854893
Isa.23.16,-0.6811529004727377,982,646,510,0.7586625355021946
Isa.23.17,0.16556965665452023,478,674,529,0.3708933643170669
Isa.23.18,-0.5853080000579856,911,706,530,0.7058610895946295
Isa.24.1,-0.46970208681482634,853,917,555,0.6610999225406662
Isa.24.2,-0.7066578437464928,999,741,562,0.7730493157758843
Isa.24.3,-0.35768847067756915,780,679,456,0.6030828814872192
Isa.24.4,0.9767658384074038,174,718,479,0.13284533953008004
Isa.24.5,-0.438752016019402,837,1111,650,0.6483217144332559
Isa.24.6,-0.38762741779789345,802,1070,689,0.6205318874257681
Isa.24.7,0.07818262531411847,512,828,623,0.3971804802478699
Isa.24.8,0.15604954461187104,480,989,532,0.3727007487735606
Isa.24.9,-0.45656089703780445,844,982,675,0.6542163697392203
Isa.24.10,-1.035989031321848,1138,1112,782,0.8813193906532404
Isa.24.11,-1.0176341811829142,1130,1171,591,0.8739891556932611
Isa.24.12,-0.2117348193871377,699,813,499,0.539708236509166
Isa.24.13,0.38626191974553914,379,597,312,0.2953627678801962
Isa.24.14,0.33881000040865167,398,377,336,0.30840950167828557
Isa.24.15,-0.12920630867085475,644,434,439,0.4983759359669507
Isa.24.16,0.2136246277865184,457,460,469,0.3549109217660728
Isa.24.17,0.4337326937840575,360,429,515,0.28052930544797317
Isa.24.18,-0.6409146399222986,951,647,609,0.7360495739736638
Isa.24.19,-0.7993512588669693,1048,795,668,0.8116421378776143
Isa.24.20,-0.6218540667985855,937,848,398,0.7262974438419829
Isa.24.21,0.5204024190351404,322,669,246,0.25090627420604183
Isa.24.22,0.5323380517226046,316,776,384,0.24494965143299768
Isa.24.23,0.29449016032236136,419,746,290,0.32395558998192614
Isa.25.1,0.7365269068996426,235,1031,346,0.17933384972889233
Isa.25.2,0.05197994834550051,529,1119,746,0.4096695068422412
Isa.25.3,-0.45805947398482366,848,1060,817,0.6549832171443326
Isa.25.4,-0.977050840919502,1109,1183,994,0.8586315517686548
Isa.25.5,-0.372829168338452,791,1154,1117,0.612011360702298
Isa.25.6,1.772375959195445,62,997,1063,0.04785954040795249
Isa.25.7,0.980039935881631,172,1168,1082,0.13221533694810225
Isa.25.8,-0.7553328297588645,1029,1189,959,0.7956028918151304
Isa.25.9,-0.5677094648025726,900,1141,890,0.6980506067647818
Isa.25.10,0.0842495461635503,510,934,977,0.3950038729666925
Isa.25.11,1.0085149867817527,164,1021,858,0.12628195197521302
Isa.25.12,0.7985157346500005,216,676,756,0.16671056028918152
Isa.26.1,-0.6420497050529378,952,532,758,0.7367028143557965
Isa.26.2,-0.05027853852087778,596,351,725,0.46158791634391944
Isa.26.3,-0.3243137859259274,756,567,996,0.5854144074360961
Isa.26.4,-0.10658758120424017,632,463,1086,0.489150529305448
Isa.26.5,-0.056191621928283406,600,538,1005,0.4644513297185644
Isa.26.6,0.12055691243823934,494,542,853,0.3833746449780532
Isa.26.7,-0.4316232945203792,832,520,909,0.6421972631035373
Isa.26.8,-0.31415018647686205,747,464,835,0.5785437645236251
Isa.26.9,-0.4326035955206937,834,560,767,0.6431319390653241
Isa.26.10,0.3061253107407832,413,559,754,0.32087270849470695
Isa.26.11,0.6001135178162627,288,525,771,0.22238832946036663
Isa.26.12,-0.15674190856422557,664,598,907,0.5131112832429641
Isa.26.13,-1.0178337596192697,1131,787,897,0.8741182545830106
Isa.26.14,-0.750825044278017,1024,697,676,0.7921559514588175
Isa.26.15,-0.9446723304714466,1098,877,741,0.8501032791117996
Isa.26.16,-0.5301946110807115,886,648,516,0.6874877356054738
Isa.26.17,0.14540801818362997,486,402,394,0.37649367415440227
Isa.26.18,-0.599716897614108,927,622,565,0.7169842499354505
Isa.26.19,-0.20756421484340576,693,594,282,0.5382055254324812
Isa.26.20,-0.11924274090087758,636,329,188,0.49253033823909115
Isa.26.21,-0.08241581482955347,620,288,165,0.47918925897237286
Isa.27.1,0.7360101022684261,236,343,163,0.17953008004131166
Isa.27.2,0.8196857615506175,212,323,173,0.16160599018848437
Isa.27.3,0.12035937080757761,495,616,253,0.383436612445133
Isa.27.4,-0.09664030421350639,626,753,268,0.4858610895946295
Isa.27.5,-0.5938415842509798,923,916,328,0.7118022205009037
Isa.27.6,0.40305876657183476,373,821,262,0.2903459850245288
Isa.27.7,0.30134909335295423,414,619,266,0.32195972114639815
Isa.27.8,-0.4045374399104812,813,695,277,0.6298270074877356
Isa.27.9,0.0032264521652800504,564,623,308,0.4349341595662277
Isa.27.10,-0.43004966246944215,830,876,423,0.640867544539117
Isa.27.11,-0.6893540207865652,986,756,571,0.7633591531112832
Isa.27.12,0.01076692556319444,557,557,578,0.4319803769687581
Isa.27.13,-0.5869816059408397,912,643,877,0.7066176090885619
Isa.28.1,-0.27016288947641076,726,892,923,0.5618383681900335
Isa.28.2,-1.1940275108052065,1200,1172,1037,0.9281719597211464
Isa.28.3,-0.7476596351383906,1021,933,1090,0.790284017557449
Isa.28.4,-0.7818689343767277,1042,711,1055,0.8053627678801962
Isa.28.5,1.431395847147715,93,261,913,0.07211722179189259
Isa.28.6,1.9828769705127167,50,265,803,0.0384585592563904
Isa.28.7,1.7669289569637865,63,271,620,0.048319132455460885
Isa.28.8,1.1302977672548118,137,528,755,0.10498321714433256
Isa.28.9,0.29621004616698626,417,499,761,0.32329976762199847
Isa.28.10,1.107093600653449,141,383,819,0.10743867802736896
Isa.28.11,-0.01770683536614414,574,740,1026,0.44500387296669247
Isa.28.12,-0.17894463872128655,676,1032,1030,0.5232532920216886
Isa.28.13,-0.21001326551384347,696,772,1075,0.5389568809708236
Isa.28.14,-0.02752652274398141,584,707,1071,0.4498889749548154
Isa.28.15,0.11084843310814903,498,363,873,0.38616576297443844
Isa.28.16,-0.7780744968451587,1037,523,874,0.8032791117996385
Isa.28.17,-0.6470448310099788,957,543,780,0.7397624580428608
Isa.28.18,-0.7724294499112239,1034,759,854,0.8013452104311903
Isa.28.19,-0.5539153737237434,894,729,954,0.6913942680092952
Isa.28.20,-0.5977093114276624,925,902,1059,0.7155099406145107
Isa.28.21,-0.6669151252470253,969,1133,1160,0.7497882778208107
Isa.28.22,-0.8257790417118004,1060,1187,1189,0.8213090627420604
Isa.28.23,-0.38286212573107586,797,1075,1157,0.6181564678543765
Isa.28.24,0.6336348414226202,278,1007,1248,0.2127730441518203
Isa.28.25,-0.04605373029801362,594,1198,1253,0.4589852827265686
Isa.28.26,0.08912000944891235,507,1222,1264,0.3936276788019623
Isa.28.27,-0.4208046673244193,821,963,1233,0.6367337980893364
Isa.28.28,0.11249786847948037,497,737,1139,0.3857939581719597
Isa.28.29,1.708750795358242,64,458,948,0.04966692486444617
Isa.29.1,1.5991415079186686,78,365,930,0.05806351665375678
Isa.29.2,1.7057553764870304,65,456,1061,0.04989930286599535
Isa.29.3,0.06712223600977224,519,774,1119,0.4032481280660986
Isa.29.4,-0.3479070124633755,771,760,972,0.597983475342112
Isa.29.5,-0.2422558609765662,708,404,792,0.5498089336431706
Isa.29.6,-0.22719921728333875,704,366,557,0.5456312935708753
Isa.29.7,0.27281395507884104,432,286,448,0.3335347276013426
Isa.29.8,1.231952700234466,124,190,354,0.09555125225923057
Isa.29.9,1.4532894682090183,91,266,417,0.0699406145107152
Isa.29.10,1.9284397408980851,53,255,428,0.04092434805060677
Isa.29.11,1.854834909615436,57,257,514,0.04411050864962561
Isa.29.12,0.33411294542413444,401,452,707,0.3113219726310354
Isa.29.13,-0.34109009055052186,769,692,832,0.5956674412600051
Isa.29.14,-0.7210550766027932,1006,994,836,0.7783320423444359
Isa.29.15,0.07747618253963864,513,946,879,0.39746707978311385
Isa.29.16,0.7795025666019012,221,977,838,0.1699715982442551
Isa.29.17,0.7209855813561128,245,938,985,0.18559514588174542
Isa.29.18,-0.20095185403471466,691,653,979,0.535424735347276
Isa.29.19,-0.6799931640117142,980,698,966,0.7577975729408727
Isa.29.20,-1.1366165128188885,1178,635,939,0.9116421378776143
Isa.29.21,-0.667514843686238,971,842,978,0.7501755744900593
Isa.29.22,-0.5529637471076918,893,988,1057,0.6910379550735863
Isa.29.23,-0.7323522948143236,1012,853,1103,0.7833927188226181
Isa.29.24,0.2873477542793794,423,644,1062,0.3275058094500387
Isa.30.1,-0.1484121832057718,658,565,1077,0.507425768138394
Isa.30.2,0.6979332571506707,251,663,1097,0.19122127549703072
Isa.30.3,-0.10100672850880156,629,1065,1198,0.4867931835786212
Isa.30.4,-0.45533818493515654,843,1091,1243,0.653692228246837
Isa.30.5,-0.8653522811412084,1067,1088,1239,0.8266899044668216
Isa.30.6,-1.5145407068729906,1269,1212,1228,0.9820604182804028
Isa.30.7,-0.9135408707653774,1083,1135,1211,0.8387838884585592
Isa.30.8,-0.4575036915038093,846,952,1109,0.6546888716757036
Isa.30.9,-0.6754497082169543,975,1044,1108,0.7544590756519494
Isa.30.10,-1.0167721012246742,1129,773,916,0.8734727601342629
Isa.30.11,-1.1415182722333717,1180,474,665,0.9133178414665634
Isa.30.12,-0.27572878278001006,727,241,493,0.5643971081848697
Isa.30.13,-0.30227480408452073,742,312,401,0.5763439194422928
Isa.30.14,-1.0548356183918808,1146,355,363,0.8878104828298476
Isa.30.15,-0.6513829637164059,960,405,433,0.7428169377743351
Isa.30.16,-0.5702983349221875,902,645,568,0.698851019881229
Isa.30.17,0.34200795071609785,397,347,651,0.3070565453137103
Isa.30.18,1.0739364729702032,148,260,605,0.11413374644978053
Isa.30.19,0.5016699115401732,331,358,646,0.25675187193390137
Isa.30.20,0.4232146265119896,365,552,840,0.28375677769171187
Isa.30.21,-0.02064945141668955,575,826,1038,0.44618125484120835
Isa.30.22,0.6499491221743212,270,563,953,0.20613219726310353
Isa.30.23,0.26654551638877855,434,654,1052,0.33664859282210174
Isa.30.24,0.44675473816481337,355,671,1138,0.275432481280661
Isa.30.25,0.7219621283443164,242,521,920,0.18517686547895687
Isa.30.26,0.5904876988321429,291,620,1141,0.224861864187968
Isa.30.27,0.44814342695536835,353,432,1024,0.2747998967208882
Isa.30.28,-0.8075177190633951,1053,715,1193,0.8150839142783372
Isa.30.29,-1.6768582457162982,1281,1067,1273,0.9919674670797831
Isa.30.30,-1.5128763570275132,1268,1019,1100,0.9819029176349083
Isa.30.31,-0.9826433039344645,1112,1215,942,0.8603821327136587
Isa.30.32,-1.1834250880316362,1195,1245,820,0.9253085463465014
Isa.30.33,-0.9972162228619382,1119,1202,450,0.8654557190808159
Isa.31.1,-0.5895893585417626,916,1062,355,0.7081151562096566
Isa.31.2,-1.0143768354763856,1127,1229,302,0.871995868835528
Isa.31.3,-1.8094491685741156,1287,1231,492,0.9963749031758327
Isa.31.4,-1.7355982073676866,1284,1214,495,0.9939168603150013
Isa.31.5,-1.4669283678378804,1260,992,402,0.9754892847921508
Isa.31.6,-1.0415968631828392,1143,901,467,0.8833307513555383
Isa.31.7,-1.331376299614325,1242,953,575,0.9616705396333591
Isa.31.8,-1.1306423962136776,1175,578,418,0.9096462690420862
Isa.31.9,-0.5905928116315451,917,470,368,0.7088432739478441
Isa.32.1,0.32684405890019014,405,331,306,0.314864446165763
Isa.32.2,0.2234533661332701,453,600,411,0.35085979860573197
Isa.32.3,0.18860247743863437,470,754,409,0.36375161373612186
Isa.32.4,0.2003222316141711,462,1005,669,0.35818228763232635
Isa.32.5,-0.5718706358582235,905,1085,776,0.6995817195972115
Isa.32.6,-1.2064129881759764,1203,1144,875,0.9315466046991996
Isa.32.7,-0.35851620129361655,782,845,850,0.6037851794474568
Isa.32.8,0.28976270792087233,422,713,698,0.3262328943971082
Isa.32.9,2.3974878143692946,30,362,586,0.02286857733023496
Isa.32.10,1.668977882511023,71,247,662,0.05302091402013943
Isa.32.11,0.2804721824459556,426,231,670,0.330867544539117
Isa.32.12,0.1843185107322332,472,439,749,0.365435063258456
Isa.32.13,0.4169431392616306,366,391,682,0.2856803511489801
Isa.32.14,0.9980751831226414,166,533,823,0.12761941647301833
Isa.32.15,1.389789889387691,102,564,720,0.07766589207332816
Isa.32.16,0.5854818859521757,293,742,852,0.22619674670797832
Isa.32.17,-0.4106297281400005,816,755,841,0.6321688613477924
Isa.32.18,-0.42974421761925613,828,985,764,0.6406067647818229
Isa.32.19,0.3969732332581468,377,800,614,0.2929796023754196
Isa.32.20,1.295132977593086,117,719,573,0.09008004131164472
Isa.33.1,0.6531574457021297,269,675,631,0.20467337980893363
Isa.33.2,-0.12000627801903908,638,595,640,0.49272398657371547
Isa.33.3,-0.2841561338196072,730,829,696,0.5664936741544023
Isa.33.4,-0.47332352247934856,856,1026,988,0.6626955848179705
Isa.33.5,-0.5066582513521795,875,1038,1019,0.6776374903175832
Isa.33.6,-0.9531096383006828,1101,1022,1087,0.8523134521043119
Isa.33.7,-0.1722751238854761,672,761,1114,0.5209811515620966
Isa.33.8,-0.002270538516498515,565,1008,1173,0.4383036405886909
Isa.33.9,-0.3382511691039718,768,1196,1236,0.5940304673379809
Isa.33.10,-0.7998996816149467,1050,1156,1196,0.8118900077459333
Isa.33.11,-0.8521493116334192,1064,1063,1257,0.8245416989413891
Isa.33.12,-1.0072435825901354,1122,1163,1282,0.8688071262587141
Isa.33.13,-0.4342873879489241,835,1099,1280,0.6447895688097083
Isa.33.14,0.5364616638223111,313,1035,1251,0.24320681642137879
Isa.33.15,0.0670727256650237,520,1147,1254,0.40326103795507356
Isa.33.16,-0.3834817943088815,798,1240,1237,0.6184327394784405
Isa.33.17,-0.13656146065770775,649,1016,1122,0.5018022205009037
Isa.33.18,-0.995568746532626,1117,1125,999,0.8648257164988381
Isa.33.19,-0.4262696359428481,824,986,793,0.6385282726568552
Isa.33.20,-0.24867495169048132,714,666,590,0.5519674670797831
Isa.33.21,-0.4679227426487407,852,658,705,0.6603485670023238
Isa.33.22,-0.3581174986200419,781,588,633,0.603426284533953
Isa.33.23,-0.3678063903476822,786,339,451,0.6099122127549703
Isa.33.24,-0.24431377849112929,709,245,507,0.550281435579654
Isa.34.1,0.29529013254798814,418,219,413,0.3236767363800671
Isa.34.2,-0.3774255980344034,795,406,600,0.6150994061451072
Isa.34.3,-0.609049289003137,929,609,791,0.7204441001807385
Isa.34.4,-1.2601103805630056,1225,804,1031,0.947709785695843
Isa.34.5,-0.4791014558018762,861,968,1115,0.6657887942163697
Isa.34.6,-0.6314502356754095,945,942,997,0.7310637748515363
Isa.34.7,-1.145364188201839,1181,1097,1045,0.9148050606764782
Isa.34.8,-0.47831859749930844,859,849,904,0.6653472760134262
Isa.34.9,-0.20194643042339588,692,699,856,0.5359359669506842
Isa.34.10,-0.14563456851016737,655,714,961,0.5060340821068939
Isa.34.11,-0.14536289226234686,654,908,955,0.5059437128840693
Isa.34.12,-1.112411745951711,1170,1045,967,0.9057371546604699
Isa.34.13,-1.459955001857194,1258,1053,946,0.974014975471211
Isa.34.14,-0.8384136420316589,1062,615,664,0.8227472243738704
Isa.34.15,-0.7797359297937061,1040,832,521,0.8041285824941905
Isa.34.16,0.16619492114401035,477,678,273,0.37073328169377745
Isa.34.17,-0.15210605364586885,660,995,288,0.5101445907565195
Isa.35.1,-0.3369490828937338,766,884,227,0.5932507100438936
Isa.35.2,-0.3851448794647105,800,673,109,0.6192202427059127
Isa.35.3,0.4356058610619504,359,689,75,0.2799741802220501
Isa.35.4,-0.6770258957757448,978,751,32,0.7555254324812807
Isa.35.5,-0.15966320144561486,666,586,23,0.514848954298993
Isa.35.6,-0.13490159891602854,648,503,18,0.5010224632068164
Isa.35.7,-0.2896325252760016,737,462,14,0.5695145881745417
Isa.35.8,0.9267402784458573,184,160,9,0.14098115156209656
Isa.35.9,1.1218124324905754,138,78,7,0.1061399431964885
Isa.35.10,3.8927800880086325,8,20,4,0.0057268267492899564
Isa.36.1,4.7628694165254615,6,4,2,0.004144074360960496
Isa.36.2,2.5479632957892964,25,22,6,0.018541182545830107
Isa.36.3,0.8287863976793421,207,48,8,0.1595765556416215
Isa.36.4,0.07532627550343136,517,110,11,0.39832687838884584
Isa.36.5,0.04160369632928366,539,296,31,0.41561063774851537
Isa.36.6,-1.0385546471249103,1139,548,50,0.8820939839917377
Isa.36.7,-1.2584417166464392,1224,717,59,0.9472785954040795
Isa.36.8,-1.1800626748811682,1194,1157,95,0.9247430932093984
Isa.36.9,-1.3567170416808965,1244,1260,148,0.9633178414665634
Isa.36.10,-1.0902734493730286,1162,1227,147,0.8994629486186418
Isa.36.11,-1.4884648324771952,1264,1250,208,0.9786676994577846
Isa.36.12,-1.7769611330070139,1285,1185,452,0.9949444874774077
Isa.36.13,-0.7387049125909209,1015,1148,496,0.7861451071520785
Isa.36.14,-0.043678792887003416,591,1061,861,0.457722695584818
Isa.36.15,-0.7521594678809307,1027,1138,940,0.7932093983991738
Isa.36.16,-0.3939675890819087,807,1257,1158,0.6241750580945004
Isa.36.17,-0.887352519096371,1076,1267,1191,0.833423702556158
Isa.36.18,-1.4836864310414375,1263,1223,1182,0.978011877097857
Isa.36.19,-0.8717707340661405,1070,1264,1258,0.8288329460366641
Isa.36.20,-0.2868467541111597,733,1278,1279,0.5676168344952234
Isa.36.21,0.6894501750579678,254,1195,1275,0.19381358120320166
Isa.36.22,0.937132617322112,181,888,1225,0.1392796281951975
Isa.37.1,-0.858935457398415,1065,1236,1204,0.8253059643687064
Isa.37.2,-1.5953937834164675,1277,1246,1206,0.9887038471469145
Isa.37.3,-1.5396917770403447,1272,1276,1252,0.9845907565194939
Isa.37.4,-1.540210923600838,1273,1259,1235,0.9847121094758585
Isa.37.5,-1.3060556251666482,1239,1280,1224,0.9585592563903951
Isa.37.6,-1.191356622532406,1198,1282,1172,0.9272966692486445
Isa.37.7,-1.2936084927336855,1235,1274,962,0.9558275238832946
Isa.37.8,-2.045669861564612,1288,1283,901,0.9971675703588949
Isa.37.9,-1.7285844356835618,1283,1237,657,0.9933772269558482
Isa.37.10,-1.4929123664571344,1265,1081,509,0.9794629486186419
Isa.37.11,-1.0471015569571462,1144,805,274,0.8857294087270849
Isa.37.12,-0.4839314794224587,866,1092,343,0.669431964885102
Isa.37.13,-1.2538155911099331,1222,1244,489,0.9459721146398141
Isa.37.14,-0.451446688983097,842,893,533,0.6525923057061709
Isa.37.15,-1.1472944828500706,1185,873,373,0.9156080557707204
Isa.37.16,-0.26744953335569577,723,788,192,0.5607306997159824
Isa.37.17,-1.2283214277871568,1212,1048,300,0.9378853601859024
Isa.37.18,-1.196649641162545,1201,601,279,0.929140201394268
Isa.37.19,-1.087440796734576,1160,569,325,0.8986057319907049
Isa.37.20,-0.9104301298992595,1082,382,447,0.838004131164472
Isa.37.21,0.5754875327750071,296,210,690,0.22843273947844048
Isa.37.22,1.4093535305790785,96,57,536,0.0744848954298993
Isa.37.23,0.6578622349892875,265,121,945,0.20327911179963853
Isa.37.24,0.7214889883040502,243,127,990,0.18538342370255617
Isa.37.25,-0.17962561037860655,678,374,1092,0.5235708752904725
Isa.37.26,-0.41165636894461993,817,785,1178,0.6326800929512006
Isa.37.27,-0.7204358136369273,1005,1105,1179,0.777998967208882
Isa.37.28,-0.5186315587175417,883,998,1032,0.6831964885101988
Isa.37.29,-0.4465844129794847,840,716,842,0.6512987348308804
Isa.37.30,0.8397564389396022,205,248,615,0.1580273689646269
Isa.37.31,1.3620447810175185,108,130,566,0.08344177640072295
Isa.37.32,1.6573338940589488,72,32,535,0.054675961786728636
Isa.37.33,1.0426300301829647,155,23,666,0.11804544280919184
Isa.37.34,0.35930320412257466,387,30,721,0.30098373353989155
Isa.37.35,0.7914919893799905,219,56,537,0.16791892589723728
Isa.37.36,1.5467210842148402,81,111,488,0.06120836560805577
Isa.37.37,-0.04768508308829363,595,385,604,0.46001032791117996
Isa.37.38,-0.6106460712502909,931,626,404,0.7208882003614769
Isa.38.1,0.7212382558632642,244,625,376,0.18549961270333076
Isa.38.2,-0.7964040793180114,1047,909,461,0.810875290472502
Isa.38.3,0.22333924215933745,454,1000,540,0.35090111025045184
Isa.38.4,-0.3717657504252375,790,637,700,0.6113916860315002
Isa.38.5,-1.072317352743101,1154,195,671,0.8937361218693519
Isa.38.6,0.1724371522946124,476,109,724,0.3689723728375936
Isa.38.7,0.2655175263652945,435,36,360,0.33698424993545056
Isa.38.8,2.0005414837371616,49,15,352,0.03762199845081332
Isa.38.9,2.3166856924994024,34,12,348,0.026103795507358637
Isa.38.10,2.1865384551926166,41,10,414,0.03126258714175058
Isa.38.11,0.8930436029026761,194,24,643,0.14756003098373355
Isa.38.12,0.6484774083136404,271,97,785,0.20687580686806092
Isa.38.13,-0.7743890484103326,1036,798,1076,0.8018641879679834
Isa.38.14,-1.3662311875292026,1247,1211,1220,0.965148463723212
Isa.38.15,-1.2414455816453118,1217,1273,1238,0.9424425509940615
Isa.38.16,-0.9443934375252625,1097,1179,1131,0.8500516395558998
Isa.38.17,-0.6741783066006845,974,919,987,0.7538368190033565
Isa.38.18,-0.499637959166769,872,270,752,0.6749160857216628
Isa.38.19,0.02856063381129976,549,118,569,0.4250761683449522
Isa.38.20,1.1400653244248151,135,25,415,0.10351923573457268
Isa.38.21,3.242212262139614,12,5,251,0.008838109992254067
Isa.38.22,1.6718880194952384,70,14,226,0.05247869868319133
Isa.39.1,0.5668283729288197,302,68,182,0.23167053963335915
Isa.39.2,-0.8409607123375517,1063,284,187,0.8231939065324039
Isa.39.3,-0.9188375545597478,1086,455,171,0.8406584043377227
Isa.39.4,-1.3056918643865612,1238,612,164,0.9584714691453653
Isa.39.5,-1.1998438937025604,1202,509,127,0.9301471727343145
Isa.39.6,-0.9914646675294327,1115,489,77,0.8632145623547638
Isa.39.7,-0.1480579024585979,656,170,51,0.5072217918925898
Isa.39.8,0.9925745769679215,168,99,52,0.12867286341337464
Isa.40.1,2.382786815490496,32,34,39,0.02396591789310612
Isa.40.2,1.1742526802811175,132,43,60,0.10082623289439711
Isa.40.3,0.9889700966082569,170,55,38,0.12960495739736638
Isa.40.4,0.4549711853106751,349,169,48,0.27051897753679316
Isa.40.5,-0.6734782615781546,973,360,55,0.7534701781564679
Isa.40.6,-0.0717967658914329,612,274,34,0.4718435321456235
Isa.40.7,-0.9807782881041777,1110,333,33,0.8597753679318357
Isa.40.8,-0.6896781401552916,987,317,47,0.7634959979344178
Isa.40.9,0.23279213708662336,448,179,37,0.34732248902659435
Isa.40.10,0.6983938214977727,250,74,16,0.191141234185386
Isa.40.11,0.9108991793230706,188,67,13,0.144291247095275
Isa.40.12,0.9880923316969669,171,84,20,0.12979344177640073
Isa.40.13,0.4671662664939064,342,178,40,0.2670126516911955
Isa.40.14,0.9779527855923458,173,200,70,0.13261296152853086
Isa.40.15,1.107566430228157,140,262,96,0.10736380067131422
Isa.40.16,0.08025508911611026,511,806,249,0.39638781306480764
Isa.40.17,-0.43725176782430253,836,1106,416,0.6473896204492642
Isa.40.18,0.006400275488278472,560,1145,731,0.43339013684482314
Isa.40.19,0.8955168460296604,192,1040,730,0.1470281435579654
Isa.40.20,1.229546871566551,125,780,944,0.0957423186160599
Isa.40.21,0.33820418039541683,399,556,1070,0.308863929770204
Isa.40.22,-0.12307237696708205,639,478,1040,0.49407177898270077
Isa.40.23,0.05203823376082622,527,572,993,0.4096565969532662
Isa.40.24,0.2392386561309166,445,590,891,0.34494965143299766
Isa.40.25,0.9947250456715522,167,433,750,0.1282520010327911
Isa.40.26,-0.8344538578871816,1061,591,550,0.8222179189258972
Isa.40.27,-0.745453072000594,1019,825,542,0.7893493415956623
Isa.40.28,-0.9690864585885832,1107,983,673,0.8558481797056545
Isa.40.29,-0.22036325762411194,700,896,547,0.5439142783372063
Isa.40.30,0.9889984192775393,169,659,286,0.1295997934417764
Isa.40.31,-0.6250745299515108,938,502,254,0.7272631035373096
Isa.41.1,0.02428407854559509,550,264,202,0.42661244513297186
Isa.41.2,-0.5321718805996355,888,444,212,0.6879060160082623
Isa.41.3,-0.11977319299273831,637,428,214,0.4926568551510457
Isa.41.4,0.5769438958166065,295,152,172,0.22809450038729667
Isa.41.5,0.1037355986774929,502,162,259,0.3888303640588691
Isa.41.6,0.6422624332473589,274,153,322,0.2094035631293571
Isa.41.7,0.4101689072776765,370,136,438,0.2878466305189775
Isa.41.8,1.1842753042103686,130,100,320,0.09955331784146657
Isa.41.9,0.1342746717186985,490,379,531,0.38002065582235994
Isa.41.10,-0.1251986827005186,643,642,715,0.49566744126000517
Isa.41.11,-0.8815002711640326,1074,944,647,0.8318951717015234
Isa.41.12,-1.3009157473728072,1237,1166,786,0.9575187193390137
Isa.41.13,-1.2104335907588517,1204,1158,903,0.932300542215337
Isa.41.14,0.20776693560906315,458,775,783,0.3561476891298735
Isa.41.15,1.2950253412689616,118,352,702,0.09010327911179963
Isa.41.16,-0.3324856630470404,763,228,937,0.5906170926930029
Isa.41.17,-0.18439807214737478,681,128,622,0.5265169119545572
Isa.41.18,0.6801129289435495,256,60,561,0.19623547637490318
Isa.41.19,1.8984828407183425,56,85,504,0.04295636457526465
Isa.41.20,3.466829953168275,11,53,408,0.00804544280919184
Isa.41.21,2.090139369912193,43,125,672,0.03316550477665892
Isa.41.22,1.174603952208501,131,199,679,0.10079266718306222
Isa.41.23,-0.7212542260768426,1007,605,980,0.7784559772785954
Isa.41.24,-0.8653588074077903,1068,925,1046,0.8266950684224116
Isa.41.25,-0.8144407564404751,1056,1142,974,0.8178853601859024
Isa.41.26,-0.6923259367037767,989,1188,1099,0.7650038729666925
Isa.41.27,-0.4266142562398017,825,1096,1195,0.6386728634133746
Isa.41.28,-0.2325000439171531,706,621,1181,0.5479111799638523
Isa.41.29,0.03633084056186157,544,511,1203,0.4194603666408469
Isa.42.1,0.10611657938975369,500,297,1162,0.3878931061192874
Isa.42.2,0.43298573759185144,362,386,1121,0.2807177898270075
Isa.42.3,-0.46483309592913863,851,389,1229,0.6591866769945779
Isa.42.4,-0.3758277656531324,793,517,1260,0.6140253033823909
Isa.42.5,0.14283187499496594,487,614,1272,0.37706170926930027
Isa.42.6,-0.34985781536094906,772,802,1263,0.5984740511231603
Isa.42.7,-0.1942180008531798,688,857,1284,0.5308417247611671
Isa.42.8,-0.02950965587413597,585,816,1276,0.4516034082106894
Isa.42.9,-0.5625141113908313,899,592,1277,0.696284533953008
Isa.42.10,0.14580826154887708,485,701,1175,0.3764317066873225
Isa.42.11,-0.37617555407354153,794,872,1048,0.6142550994061451
Isa.42.12,-1.1700111323919309,1192,1143,1132,0.9229202168861348
Isa.42.13,-0.29097434533276995,739,814,984,0.5706635682933127
Isa.42.14,-0.5919403059727446,918,610,1039,0.7099406145107152
Isa.42.15,-0.16478854200516901,669,573,1041,0.5181022463206817
Isa.42.16,1.027360787150149,161,294,887,0.1229744384198296
Isa.42.17,0.022992492257225598,551,393,949,0.42718564420345984
Isa.42.18,0.030523071133325863,547,410,719,0.42390395042602635
Isa.42.19,0.02226939025578796,552,314,790,0.427433514071779
Isa.42.20,-0.4575132709222114,847,411,826,0.6546966176090886
Isa.42.21,-0.402563865979981,812,631,678,0.6290627420604182
Isa.42.22,-0.9688698593672198,1105,769,563,0.8557500645494449
Isa.42.23,-0.7796286896209736,1039,628,737,0.8040666150271107
Isa.42.24,0.4535414896990263,352,337,710,0.2712006196746708
Isa.42.25,1.1014498747109565,142,300,814,0.10877356054737929
Isa.43.1,1.9616513115319498,51,155,680,0.03938807126258714
Isa.43.2,0.9256768669831276,185,269,784,0.14127033307513556
Isa.43.3,0.5318967696152342,318,416,816,0.24517428350116188
Isa.43.4,-0.31509113839659103,749,726,880,0.5790188484379034
Isa.43.5,-0.36266149877404225,785,794,881,0.6073379808933643
Isa.43.6,0.3423132254529856,395,743,857,0.3069403563129357
Isa.43.7,0.4587334617343947,345,818,1101,0.2695404079524916
Isa.43.8,0.48418878792665304,338,1037,1170,0.26293829073069974
Isa.43.9,0.536369495146667,314,682,1102,0.24323521817712368
Isa.43.10,0.24371956395727198,443,539,1009,0.34295378259746967
Isa.43.11,0.3646630755767108,385,632,1111,0.2989388071262587
Isa.43.12,-0.695382481804897,994,1006,1199,0.7672837593596695
Isa.43.13,0.009138092281592174,558,898,1050,0.4324606248386264
Isa.43.14,0.9311830267901959,182,833,932,0.1402246320681642
Isa.43.15,0.24511114051508406,442,823,1072,0.3422308288148722
Isa.43.16,1.5579466202870198,80,350,1053,0.060477665892073325
Isa.43.17,0.7270415439215453,241,281,1145,0.1830828814872192
Isa.43.18,0.043125958090767975,537,319,1174,0.41453911696359413
Isa.43.19,0.7962894880246975,217,283,1205,0.16694810224632067
Isa.43.20,2.159449520675397,42,156,1217,0.03227730441518203
Isa.43.21,2.881847609834583,16,126,1222,0.011828040278853601
Isa.43.22,1.3837369679300822,105,226,1123,0.07963077717531629
Isa.43.23,0.5797008723439345,294,668,1096,0.22764007229537825
Isa.43.24,-0.658140889365633,963,1014,1049,0.7457810482829847
Isa.43.25,0.10400879763631345,501,1054,964,0.38874774076942936
Isa.43.26,0.34210727648521894,396,1074,726,0.3070152336689905
Isa.43.27,-0.4292729567591315,827,1043,729,0.6402427059127291
Isa.43.28,0.8668022768272465,202,941,584,0.15513038987864705
Isa.44.1,-0.20950387920384136,695,831,475,0.5387942163697392
Isa.44.2,-0.14422505893683482,652,225,296,0.5056106377485153
Isa.44.3,0.589893601842346,292,87,329,0.22495997934417764
Isa.44.4,0.2676008908291734,433,79,362,0.3362509682416731
Isa.44.5,0.7006329328457593,248,119,459,0.19084688871675703
Isa.44.6,1.1088280231819456,139,88,283,0.10723986573715466
Isa.44.7,1.3374584030640835,112,49,213,0.08617867286341338
Isa.44.8,0.9754270597313387,175,116,304,0.13320423444358379
Isa.44.9,0.5352368721702385,315,83,338,0.24370255615801703
Isa.44.10,0.6038072238725364,287,184,485,0.22125225923057062
Isa.44.11,0.5044489297279914,328,310,528,0.2560185902401239
Isa.44.12,0.8086009347717575,215,664,611,0.16480506067647818
Isa.44.13,-0.14534404991159608,653,1042,986,0.5059411309062742
Isa.44.14,-0.7560841604927455,1030,1120,1185,0.7961296152853086
Isa.44.15,-0.4950021157648603,869,1247,1278,0.6733746449780532
Isa.44.16,-0.292787359637136,741,1200,1271,0.5723444358378518
Isa.44.17,-0.03029828378782247,586,1108,1274,0.4523057061709269
Isa.44.18,-0.05642785834057148,601,836,1240,0.4645520268525691
Isa.44.19,-0.49931630977190833,870,531,1140,0.6747895688097082
Isa.44.20,0.6468546099926501,272,254,865,0.2075729408727085
Isa.44.21,1.0205978306195205,162,157,534,0.12446682158533437
Isa.44.22,-0.06433709415106917,605,201,526,0.46898011877097856
Isa.44.23,-0.21120909728889753,697,414,581,0.539431964885102
Isa.44.24,-0.3554218627211303,778,491,525,0.6014020139426801
Isa.44.25,-0.09107566229560803,625,670,766,0.48418796798347535
Isa.44.26,0.0666577436750497,521,705,674,0.4033927188226181
Isa.44.27,-1.218616999427423,1207,973,497,0.9343867802736896
Isa.44.28,-0.6756169383628009,976,1102,463,0.754564936741544
Isa.45.1,0.006842716015368871,559,1137,395,0.43323263619932867
Isa.45.2,0.44333378536065304,357,1225,490,0.27681383940098114
Isa.45.3,1.5232866790758093,83,1001,426,0.06340304673379808
Isa.45.4,-0.18101077895918774,679,1093,491,0.52428866511748
Isa.45.5,-0.39710128378505655,809,1134,652,0.6262793699974181
Isa.45.6,-0.6296667653813214,944,1228,952,0.7298993028659954
Isa.45.7,0.3534137118218574,390,1095,1219,0.30287115930802994
Isa.45.8,0.4931196562661407,334,1128,1261,0.26061967467079783
Isa.45.9,-0.36963300977618707,788,1169,1268,0.6105138135812032
Isa.45.10,-0.9322444506653491,1091,1265,1256,0.8454608830364059
Isa.45.11,-1.1934150345314372,1199,1279,1230,0.9279524916085722
Isa.45.12,-0.6630710899175799,966,1272,1137,0.7479447456751872
Isa.45.13,-0.025696641916950702,582,1204,847,0.4483940098115156
Isa.45.14,-0.25008276414298836,716,1224,612,0.5528866511747998
Isa.45.15,-0.7294842132508281,1010,1216,570,0.7823082881487219
Isa.45.16,-1.1713911193092033,1193,1194,639,0.9231913245546088
Isa.45.17,-1.295778902490872,1236,1161,908,0.9562483862638781
Isa.45.18,-1.1514209512197335,1187,1269,1027,0.9176891298734831
Isa.45.19,-1.402667042897278,1253,1203,906,0.9701290988897495
Isa.45.20,-1.5323347003947916,1270,1235,862,0.9834779240898528
Isa.45.21,-1.275122500754871,1232,1232,927,0.9517583268783888
Isa.45.22,-1.1229139417681273,1172,1175,965,0.9075548670281436
Isa.45.23,-0.31982102511923527,752,1124,992,0.5824812806609864
Isa.45.24,-0.14143965932862462,651,811,911,0.5046036664084689
Isa.45.25,-0.722984192323763,1008,1087,971,0.7793364317066873
Isa.46.1,0.15404585584100375,483,1080,934,0.37315775884327396
Isa.46.2,-0.9192961046044775,1087,1208,1163,0.840854634650142
Isa.46.3,-0.713696319992626,1001,1241,1171,0.775698424993545
Isa.46.4,-0.27861066150096037,728,1207,1150,0.5650735863671572
Isa.46.5,0.0037031190302203795,563,1219,905,0.43466821585334364
Isa.46.6,-0.7190511196370485,1004,1242,844,0.7773792925380841
Isa.46.7,-0.8164999793050615,1058,1100,744,0.8186857733023496
Isa.46.8,-0.625371012463086,939,975,716,0.7273896204492641
Isa.46.9,0.23228587693394337,449,501,681,0.3474799896720888
Isa.46.10,0.9417618772360159,180,436,543,0.13878388845855927
Isa.46.11,0.05198110299427945,528,482,552,0.4096695068422412
Isa.46.12,-0.00607338814630925,567,427,538,0.43945262070746194
Isa.46.13,-0.10488731079211551,631,522,396,0.4883733539891557
Isa.47.1,0.8212530902672542,211,354,390,0.16116447198554093
Isa.47.2,-0.3221409182538639,755,709,554,0.5840537051381358
Isa.47.3,-0.9540724713124143,1102,955,694,0.852576813839401
Isa.47.4,-1.0962164631860887,1166,1127,706,0.9019648851019881
Isa.47.5,-1.1472621742652753,1184,885,708,0.9155925639039504
Isa.47.6,-0.5873708588630022,913,693,824,0.7068319132455461
Isa.47.7,-0.37903652470206284,796,724,958,0.6161192873741286
Isa.47.8,-0.5050453672086009,873,1028,1151,0.6769790859798606
Isa.47.9,0.48888048221106817,336,781,1154,0.2615104570100697
Isa.47.10,-1.367958403299626,1248,1151,1242,0.9655099406145107
Isa.47.11,-1.1565291187058158,1188,1034,1210,0.9197314743093209
Isa.47.12,-0.9093623608496204,1081,1011,1105,0.8378311386522076
Isa.47.13,-0.281220975150473,729,1101,1089,0.5656622773044152
Isa.47.14,-0.4771470005556593,858,1193,1168,0.6646682158533437
Isa.47.15,-0.9167166361522798,1085,954,1003,0.8397986057319907
Isa.48.1,-0.920923699956663,1088,878,1011,0.8415982442550994
Isa.48.2,-1.2214546975757392,1209,905,1066,0.9353240382132714
Isa.48.3,0.5713175811488257,298,687,1015,0.22970823650916602
Isa.48.4,-0.15549199355811355,662,657,1010,0.5124399690162664
Isa.48.5,-0.9813540846165781,1111,972,938,0.8599354505551252
Isa.48.6,-1.5505809242878956,1276,792,734,0.9872734314484896
Isa.48.7,-0.7026746083735601,996,504,523,0.7715750064549445
Isa.48.8,0.8725786290720001,201,437,422,0.15347792408985284
Isa.48.9,2.528654545219352,26,301,309,0.01965401497547121
Isa.48.10,0.8843176227206988,196,545,293,0.1500877872450297
Isa.48.11,0.7535487371489269,228,652,345,0.17429641105086496
Isa.48.12,0.04947422176698373,531,767,424,0.41038729666924867
Isa.48.13,-0.726790192960914,1009,627,597,0.7813477924089853
Isa.48.14,-0.5717179647460519,904,926,888,0.6995016782855668
Isa.48.15,-1.0750349936987738,1156,1047,1118,0.8945158791634392
Isa.48.16,-0.3919571468870064,805,978,1098,0.6230209140201394
Isa.48.17,0.4073977496410424,371,935,1065,0.288856183836819
Isa.48.18,-0.012824292742827906,573,996,1095,0.44259488768396593
Isa.48.19,-1.5476116458356732,1275,1164,1223,0.9867208882003615
Isa.48.20,-1.0591234520712016,1149,1165,1146,0.8890188484379035
Isa.48.21,-1.0881095635207358,1161,1078,1067,0.8987942163697392
Isa.48.22,0.18115979348743702,473,1114,1080,0.36684482313452105
Isa.49.1,-0.057770141854263546,602,1180,1176,0.46533436612445134
Isa.49.2,-0.19327099118034227,686,1210,1231,0.5303795507358636
Isa.49.3,0.09322797658131066,506,1230,1136,0.3924657887942164
Isa.49.4,-0.7598217104959805,1031,1238,1116,0.7981693777433514
Isa.49.5,-0.41824753134737147,820,1184,917,0.6360753937516137
Isa.49.6,-0.38700584779727615,801,1113,788,0.6201471727343145
Isa.49.7,0.1459445464482865,484,1057,613,0.3763955589981926
Isa.49.8,1.095226342000196,146,732,626,0.11059127291505293
Isa.49.9,0.7278578584562102,239,486,576,0.18280919184095018
Isa.49.10,-0.13408410694998066,647,357,630,0.5007255357603925
Isa.49.11,0.45398457294583805,351,445,866,0.2709837335398916
Isa.49.12,0.38795988024889094,378,263,774,0.29518202943454686
Isa.49.13,0.75107054909898,229,498,928,0.1750348567002324
Isa.49.14,1.296287747600026,116,371,892,0.08989930286599536
Isa.49.15,0.19859400166468255,464,576,947,0.3588897495481539
Isa.49.16,0.33312741176113086,402,889,1047,0.3117454169894139
Isa.49.17,-0.48248884407349363,865,964,1215,0.6682494190549961
Isa.49.18,-0.5826457328307801,910,1020,1241,0.7047766589207333
Isa.49.19,-0.5920684363162628,919,1076,1267,0.7100593854892848
Isa.49.20,-1.0207647954755694,1135,1117,1177,0.8762044926413632
Isa.49.21,-1.074325325559642,1155,1003,1188,0.8943015750064549
Isa.49.22,-1.0396865244223348,1140,921,1227,0.8825251742835012
Isa.49.23,-1.2746959709134427,1230,920,1113,0.9515388587658146
Isa.49.24,-0.7080584061218533,1000,641,975,0.7736638264910922
Isa.49.25,-1.5420803400477328,1274,812,775,0.9852181771236768
Isa.49.26,-1.2418808500882283,1218,680,635,0.942569067906016
Isa.50.1,-0.08473441183600681,622,251,505,0.48044151820294345
Isa.50.2,-0.16614112607634743,670,403,564,0.5187425768138394
Isa.50.3,0.05902442212482502,526,515,603,0.4066331009553318
Isa.50.4,-0.3356523945955154,765,694,654,0.5924786986831914
Isa.50.5,-0.5409178871786,889,915,757,0.6896849987090111
Isa.50.6,-1.2329925027945172,1215,965,801,0.9397495481538859
Isa.50.7,-1.0198243395514033,1133,931,829,0.8755486702814356
Isa.50.8,-0.3212647428262495,754,704,642,0.5834779240898528
Isa.50.9,-0.5132594980828636,878,1068,768,0.6807203718048025
Isa.50.10,0.36069659144899197,386,895,763,0.3004776658920733
Isa.50.11,-0.4928927999209438,868,835,922,0.6729124709527498
Isa.51.1,-0.6043333882505728,928,733,976,0.7192124967725277
Isa.51.2,-0.6381650206745115,949,593,1028,0.7347456751871934
Isa.51.3,0.26405521577204427,436,272,822,0.337436096049574
Isa.51.4,0.881972416908941,198,655,1002,0.15053705138135812
Isa.51.5,-0.15377181640917395,661,771,919,0.5113297185644203
Isa.51.6,0.04821444208521826,532,649,739,0.41095274980635166
Isa.51.7,-0.6627196703482457,965,911,851,0.7477872450296927
Isa.51.8,-0.2645235860950393,721,766,738,0.5601755744900594
Isa.51.9,0.507680675782739,327,736,813,0.2554608830364059
Isa.51.10,-0.4315119012611427,831,923,896,0.6421172217918926
Isa.51.11,-0.747071389073404,1020,1025,815,0.7900284017557448
Isa.51.12,-0.592738600746306,921,721,798,0.7106919700490576
Isa.51.13,-0.7387432481456524,1016,624,718,0.7861735089078233
Isa.51.14,-1.0968434386376833,1167,596,602,0.9021662793699974
Isa.51.15,-0.966590560603404,1104,799,583,0.8550787503227473
Isa.51.16,-0.5953859133587155,924,566,541,0.7133488252001032
Isa.51.17,0.18653758461563705,471,484,365,0.36450296927446424
Isa.51.18,-0.6449170836009641,954,815,589,0.7383501161890008
Isa.51.19,-0.6887315411366111,985,900,684,0.7630518977536793
Isa.51.20,-1.0191718206951697,1132,834,760,0.8750864962561322
Isa.51.21,-1.1574265762712703,1189,958,846,0.919992254066615
Isa.51.22,-1.0067663424633417,1121,950,925,0.8686780273689646
Isa.51.23,-0.6911677608558959,988,897,848,0.7643480506067648
Isa.52.1,0.07623295988533912,515,420,502,0.3979473276529822
Isa.52.2,-0.47066865733935465,854,750,483,0.6614794732765298
Isa.52.3,0.2968976221542193,416,390,430,0.3230854634650142
Isa.52.4,-0.6102851912574291,930,561,508,0.7207720113607023
Isa.52.5,-0.5886609226189862,914,770,371,0.7075006454944488
Isa.52.6,-0.3733994312973836,792,630,474,0.6123470178156468
Isa.52.7,0.4707264116066227,341,537,388,0.2665943712884069
Isa.52.8,0.012926083370653195,556,636,369,0.4312057836302608
Isa.52.9,-0.7485806649558354,1023,789,453,0.790831396849987
Isa.52.10,-0.7303250809874797,1011,465,444,0.7826387813064808
Isa.52.11,-0.254030229369222,718,172,301,0.556005680351149
Isa.52.12,-0.34715736693005,770,192,275,0.5978130648076426
Isa.52.13,0.3127674761545857,410,92,344,0.3190291763490834
Isa.52.14,1.852293312337193,58,37,269,0.04430932093983992
Isa.52.15,1.3200431684849012,114,51,358,0.08779240898528273
Isa.53.1,1.3709504977421256,107,47,297,0.08217402530338239
Isa.53.2,1.040630653713976,156,64,364,0.1186005680351149
Isa.53.3,0.7696132959980797,224,131,425,0.1714898011877098
Isa.53.4,-0.3305948843871154,762,492,667,0.589426800929512
Isa.53.5,-1.2155866877596004,1206,708,736,0.9334624322230829
Isa.53.6,-0.5520708325243462,891,850,559,0.6908004131164472
Isa.53.7,0.04258298620002875,538,577,421,0.4149031758326878
Isa.53.8,0.6292748597521339,280,398,351,0.21493157758843273
Isa.53.9,1.034560213782535,158,150,285,0.12072295378259747
Isa.53.10,-0.24933294630861547,715,122,200,0.5524244771494965
Isa.53.11,-0.5213985791889658,885,144,247,0.6849160857216628
Isa.53.12,0.25032315715270703,438,91,186,0.3406325845597728
Isa.54.1,1.5991687446734237,77,38,131,0.05806093467596179
Isa.54.2,1.5010268437165875,85,76,160,0.06509682416731216
Isa.54.3,0.02066623534502896,553,175,243,0.42799122127549705
Isa.54.4,-0.05805164995804548,603,203,267,0.46550477665892076
Isa.54.5,-0.19630248521981347,689,417,407,0.5321662793699974
Isa.54.6,-0.7837345758273593,1044,890,380,0.8066769945778466
Isa.54.7,-0.5575484105060562,895,948,307,0.693428866511748
Isa.54.8,-0.5891127874521543,915,1149,295,0.7077743351407177
Isa.54.9,-0.2007490518970206,690,1036,223,0.5353266201910664
Isa.54.10,-0.06229970380899264,604,1098,264,0.46801704105344694
Isa.54.11,0.10254725881223144,503,738,350,0.3891970049057578
Isa.54.12,-0.4322607408866515,833,603,311,0.64284017557449
Isa.54.13,-1.1454361183236084,1182,734,372,0.9148231345210431
Isa.54.14,-0.07132748258727986,611,426,419,0.4715672605215595
Isa.54.15,0.9003868267296025,191,441,287,0.14613994319648851
Isa.54.16,0.9595807091804214,177,381,205,0.13627420604182805
Isa.54.17,0.02958228341638752,548,451,201,0.4245416989413891
Isa.55.1,0.12518751321426644,492,252,158,0.3825458301058611
Isa.55.2,-0.7513920621049179,1025,540,204,0.7925897237283759
Isa.55.3,-0.17655293426258042,674,633,241,0.522305706170927
Isa.55.4,0.8228474022460128,209,551,323,0.16073328169377743
Isa.55.5,1.7002099879896777,66,318,220,0.050552543248128065
Isa.55.6,2.4139843673120684,29,291,217,0.022099147947327653
Isa.55.7,1.0963282383274748,145,475,310,0.11024270591272915
Isa.55.8,0.7808067761553399,220,575,366,0.1698347534211206
Isa.55.9,0.22566096820405132,451,914,567,0.35009811515620964
Isa.55.10,0.7710685820715959,223,546,458,0.17135295636457526
Isa.55.11,0.563626387986426,303,359,577,0.2333668990446682
Isa.55.12,0.18893354703997695,469,469,553,0.36360960495739736
Isa.55.13,0.4151274725657622,368,440,462,0.2860857216627937
Isa.56.1,0.3541456707722369,389,413,484,0.30258972372837595
Isa.56.2,0.5677760919847655,301,302,289,0.2311696359411309
Isa.56.3,-0.49947064736674446,871,273,235,0.6748515362767881
Isa.56.4,-0.6732477182871301,972,510,234,0.7533617350890782
Isa.56.5,-0.861638577828361,1066,395,162,0.8257449005938549
Isa.56.6,-0.052145721610082206,597,505,125,0.4625535760392461
Isa.56.7,0.7608228165617846,225,242,99,0.17293570875290473
Isa.56.8,1.9123482725117247,54,107,72,0.041711851278079005
Isa.56.9,2.550669796203427,24,69,64,0.018355280144590758
Isa.56.10,1.032130038200181,160,71,61,0.12150012909888976
Isa.56.11,0.48666305801427107,337,147,126,0.26213271365866253
Isa.56.12,-0.4022562127673423,811,140,124,0.6289646269042086
Isa.57.1,-0.02730648261360136,583,101,102,0.44970307255357606
Isa.57.2,0.15518036065562496,482,50,111,0.3728866511747999
Isa.57.3,1.2246656153027267,126,33,116,0.09640846888716757
Isa.57.4,2.4928862534439427,27,45,161,0.020611928737412858
Isa.57.5,3.0224721698760177,13,102,155,0.00967467079783114
Isa.57.6,2.079208236610379,44,176,224,0.0337412858249419
Isa.57.7,0.3331037033058876,403,293,321,0.31175316292279887
Isa.57.8,-0.19389591597560138,687,442,442,0.5306480764265428
Isa.57.9,-0.9525154595539633,1100,582,629,0.8521740253033824
Isa.57.10,0.11496359350468968,496,399,580,0.38513038987864706
Isa.57.11,1.287996015794487,119,215,548,0.09155693261037955
Isa.57.12,2.3163795474053144,35,66,432,0.026134779240898527
Isa.57.13,2.064874838199319,45,29,382,0.03453137103020914
Isa.57.14,1.197635629276144,128,35,500,0.09857991221275497
Isa.57.15,-0.044157648117032655,593,117,506,0.45790343403046735
Isa.57.16,-1.1203284606589758,1171,380,579,0.9070875290472502
Isa.57.17,-1.0775631895387539,1157,827,653,0.8953937516137361
Isa.57.18,-0.9910108939419079,1114,810,594,0.8630880454428091
Isa.57.19,-0.6636359858434883,967,841,518,0.7482158533436613
Isa.57.20,-0.5814282360775234,909,880,661,0.7043403046733798
Isa.57.21,-0.18292016398800118,680,587,606,0.5254608830364059
Isa.58.1,0.6561063491959398,266,196,449,0.20378001549186678
Isa.58.2,0.9540807387965015,178,187,513,0.1370513813581203
Isa.58.3,0.4136034358608504,369,206,588,0.28642912470952747
Isa.58.4,-0.628360304491683,942,311,628,0.7289904466821585
Isa.58.5,-0.5083610027729516,877,328,748,0.6783423702556158
Isa.58.6,-0.18815005700940077,682,550,747,0.5285179447456752
Isa.58.7,0.2733707724807103,431,797,864,0.33327136586625355
Isa.58.8,-0.46421631872652097,850,1173,926,0.6588820036147689
Isa.58.9,-1.092243036109081,1163,1174,821,0.9001962303124194
Isa.58.10,-0.7360966553220406,1014,1110,769,0.7850167828556674
Isa.58.11,-0.25180933723559235,717,907,728,0.5541828040278853
Isa.58.12,0.036803375728216924,543,869,616,0.41915311128324295
Isa.58.13,0.6270671743272591,281,722,625,0.21584043377226955
Isa.58.14,0.42463146558522524,364,461,437,0.2834985799122128
Isa.59.1,1.0329357388277969,159,149,387,0.1211980376968758
Isa.59.2,0.5477618810426776,309,141,610,0.23892589723728375
Isa.59.3,0.6737525982512887,260,180,691,0.1979163439194423
Isa.59.4,0.9660048185882133,176,267,732,0.13546604699199588
Isa.59.5,0.0616761781796651,523,534,902,0.4051717015233669
Isa.59.6,-1.0113184628112462,1125,613,918,0.8703692228246837
Isa.59.7,-0.7825933048298674,1043,684,795,0.8058481797056545
Isa.59.8,-0.14827280377703186,657,882,797,0.5073147430932095
Isa.59.9,0.2753314506685704,430,764,683,0.33241931319390655
Isa.59.10,-0.28729473476694734,734,1162,809,0.5678982700748774
Isa.59.11,-1.1356876229229012,1177,1176,868,0.9113168086754454
Isa.59.12,-0.6791541963708587,979,703,692,0.757126258714175
Isa.59.13,-0.3263899909948046,758,430,587,0.5867931835786212
Isa.59.14,0.33561667190143524,400,217,357,0.31052414149238317
Isa.59.15,0.6745625854501367,259,148,184,0.19765040020655822
Isa.59.16,0.036058185816889236,545,124,106,0.41970049057578107
Isa.59.17,0.4542079438928654,350,77,63,0.2708907823392719
Isa.59.18,0.3660195294104379,384,96,43,0.29872450296927444
Isa.59.19,1.7871498699553416,61,40,19,0.04705912729150529
Isa.59.20,1.4782235276991753,89,81,22,0.06754970307255358
Isa.59.21,0.6759473451561857,258,73,17,0.19721146398140976
Isa.60.1,0.5500202039682264,308,93,25,0.23851536276788018
Isa.60.2,0.03512879044349497,546,105,45,0.42029692744642394
Isa.60.3,1.0448066265315095,153,98,76,0.11759359669506843
Isa.60.4,1.2619658824561288,122,135,140,0.09452362509682417
Isa.60.5,0.1329895285246704,491,361,239,0.38041311644719855
Isa.60.6,0.43327296363887857,361,549,299,0.28065324038213274
Isa.60.7,-0.9352958393826387,1095,970,435,0.8467441260005164
Isa.60.8,-1.0198687471046974,1134,1155,722,0.8755873999483604
Isa.60.9,-1.6108863423682622,1278,1209,765,0.9894397108184869
Isa.60.10,-1.7831626245828465,1286,1266,936,0.9954273173250711
Isa.60.11,-1.4293000029203653,1255,1261,1083,0.9717402530338239
Isa.60.12,-1.2142354473027281,1205,1213,1133,0.933142266976504
Isa.60.13,-0.9657380388568761,1103,1071,1107,0.8549109217660729
Isa.60.14,-1.6769697953517941,1282,1059,1184,0.9919726310353731
Isa.60.15,-1.387439427942831,1250,891,1094,0.9680480247869868
Isa.60.16,-1.220735822621479,1208,855,1073,0.9350426026336174
Isa.60.17,-1.146740843974991,1183,1012,957,0.9153395300800413
Isa.60.18,-0.9286848660865212,1090,1050,828,0.8444280919184095
Isa.60.19,-0.4572540509109798,845,819,805,0.654564936741544
Isa.60.20,-0.39347973466930125,806,720,649,0.6238884585592563
Isa.60.21,0.5416548760643057,311,580,379,0.24085979860573198
Isa.60.22,-0.31506915760094606,748,856,598,0.5790111025045185
Isa.61.1,-0.2114683027854852,698,904,699,0.5395765556416214
Isa.61.2,-0.2652152743504984,722,1122,867,0.5602685256906791
Isa.61.3,-0.617524374618593,936,1206,1120,0.7245623547637491
Isa.61.4,-0.07981230282519947,617,1255,1197,0.47776658920733284
Isa.61.5,-0.31213239528472714,745,1262,1167,0.5778724502969275
Isa.61.6,-1.272875094503687,1229,1268,1245,0.9509088561838368
Isa.61.7,-0.9481184619824828,1099,1167,1249,0.8509914794732766
Isa.61.8,-0.3201653156871053,753,930,1192,0.5827394784404855
Isa.61.9,0.466792597560506,343,640,1155,0.26712625871417506
Isa.61.10,0.6236492671459951,283,581,1044,0.21704105344694036
Isa.61.11,-0.3062449572338967,743,791,1207,0.5767725277562613
Isa.62.1,-0.4752848284364196,857,1041,1104,0.6636999741802221
Isa.62.2,-0.5687333889515784,901,1051,1159,0.6983191324554608
Isa.62.3,-0.8751403436132412,1072,1140,933,0.8297908597986058
Isa.62.4,-1.131292948988325,1176,1205,843,0.9098450813323006
Isa.62.5,-0.6943390008886748,992,1083,753,0.7665014200877872
Isa.62.6,0.4020725501981429,375,662,501,0.29075135553834236
Isa.62.7,-0.4820198398523002,864,783,574,0.6679266718306223
Isa.62.8,-0.6668079362041168,968,562,470,0.749728892331526
Isa.62.9,-0.5582205915613753,897,481,465,0.6938497288923315
Isa.62.10,-0.2883852628693385,736,370,294,0.5685334366124452
Isa.62.11,-0.8170806535501445,1059,495,281,0.8189620449264137
Isa.62.12,-0.20914966002810384,694,279,203,0.5386883552801446
Isa.63.1,0.4793642904385339,340,198,142,0.2646785437645236
Isa.63.2,0.6991612318539604,249,307,120,0.1910276271624064
Isa.63.3,0.2239438711842647,452,177,136,0.3506842241156726
Isa.63.4,-0.6931154903414748,990,233,137,0.7655693261037955
Isa.63.5,-0.11910715756703501,635,232,118,0.49250451846114124
Isa.63.6,0.45826881839383304,346,268,115,0.26962561321972633
Isa.63.7,2.703717169610598,19,103,57,0.0143996901626646
Isa.63.8,1.9598802668498487,52,134,69,0.03953782597469662
Isa.63.9,1.1436057532541222,134,163,84,0.10312935708752904
Isa.63.10,0.6905263543830031,252,167,110,0.19361476891298735
Isa.63.11,0.6263324108803012,282,112,94,0.21607797572940873
Isa.63.12,0.20662109900968806,459,129,154,0.35635166537567775
Isa.63.13,0.8267188692424067,208,159,228,0.1598838109992254
Isa.63.14,1.0899748283538493,147,168,222,0.11226955848179705
Isa.63.15,0.5154055522920454,325,243,314,0.2526516911954557
Isa.63.16,-0.7532943035788503,1028,459,460,0.7940691970049057
Isa.63.17,-1.0344571248821708,1137,488,648,0.8810534469403564
Isa.63.18,-0.806655044648004,1052,762,806,0.8147482571649883
Isa.63.19,-1.0410146210062152,1142,1086,859,0.8830312419313194
Isa.64.1,-1.5396077485232134,1271,1104,1012,0.9845752646527239
Isa.64.2,-1.4940522170718815,1266,1015,885,0.9796746707978311
Isa.64.3,-0.47987406812388067,862,840,645,0.6663439194422928
Isa.64.4,0.6666958375185007,262,990,383,0.2006506584043377
Isa.64.5,-0.24739675781185422,711,947,305,0.5513219726310353
Isa.64.6,-1.1594942813635298,1190,976,318,0.9206506584043377
Isa.64.7,-1.2434230948737475,1220,874,193,0.9430751355538343
Isa.64.8,-0.8976606466455065,1079,497,103,0.8358998192615543
Isa.64.9,0.5725324775466194,297,246,66,0.22930286599535243
Isa.64.10,-0.13290248097680307,646,299,53,0.5003046733798089
Isa.64.11,1.099151138764156,144,151,26,0.10938548928479215
Isa.65.1,1.4814500887874231,88,86,15,0.06706687322489027
Isa.65.2,0.5175026262007614,324,145,21,0.2517660728117738
Isa.65.3,-0.012571419168689615,572,205,29,0.4424502969274464
Isa.65.4,-0.5590202528791901,898,238,28,0.694306738962045
Isa.65.5,-0.24482987825168018,710,418,44,0.5504234443583785
Isa.65.6,0.1733861040974335,475,253,30,0.3688019623031242
Isa.65.7,-0.285001700243119,731,425,42,0.5668112574231862
Isa.65.8,0.11084462489747542,499,476,56,0.38616576297443844
Isa.65.9,-0.02174992089681864,577,589,107,0.4464859282210173
Isa.65.10,-0.5748531631136815,906,927,170,0.7013632842757552
Isa.65.11,-1.015720251942009,1128,961,252,0.8727833720630003
Isa.65.12,-1.4500350398705923,1256,778,381,0.9726491092176607
Isa.65.13,-1.1238161497413228,1173,777,319,0.9077846630518978
Isa.65.14,-0.9970760012678666,1118,971,524,0.8653963335915311
Isa.65.15,-0.39073413062272283,803,728,468,0.6223108701265169
Isa.65.16,0.2762093390922375,429,384,349,0.33211722179189257
Isa.65.17,-0.06734641035055106,606,316,466,0.4699096307771753
Isa.65.18,-0.29074897017902024,738,344,627,0.5704879938032533
Isa.65.19,-0.08175908917317384,619,278,677,0.4788406919700491
Isa.65.20,0.20513143475103174,460,607,735,0.3566176090885618
Isa.65.21,0.4437905074067179,356,871,968,0.276573715466047
Isa.65.22,0.06464037707772315,522,1056,1007,0.40395558998192616
Isa.65.23,-0.07086359558134248,610,1009,1081,0.47134521043119026
Isa.65.24,0.037911811894068614,540,993,1187,0.41827523883294604
Isa.65.25,-0.3559052318841093,779,1058,1164,0.6017841466563387
Isa.66.1,0.792736685977716,218,862,1130,0.16765556416214822
Isa.66.2,0.6368177550493369,277,758,1112,0.21142783372063
Isa.66.3,0.4659636044191588,344,611,1106,0.26730183320423445
Isa.66.4,-0.0875759853694175,624,535,1085,0.48232894397108184
Isa.66.5,-0.6583818292732452,964,325,886,0.7458817454169894
Isa.66.6,-0.41252471422378945,819,324,921,0.6330983733539891
Isa.66.7,0.2554029685565753,437,506,807,0.339997418022205
Isa.66.8,-0.6463262394216621,956,730,872,0.7392641363284276
Isa.66.9,-0.5165864467873247,881,512,655,0.6820655822359928
Isa.66.10,0.045138563452964894,534,554,440,0.41309320939839916
Isa.66.11,0.06162527976230209,524,574,377,0.4052026852569068
Isa.66.12,0.05069583826524688,530,866,455,0.41000516395559
Isa.66.13,-0.7998431718609218,1049,906,473,0.8118486961012136
Isa.66.14,-0.16157771935339665,668,604,242,0.5161296152853085
Isa.66.15,-0.024899063010267466,580,483,236,0.4479395817195972
Isa.66.16,-0.08303269119964815,621,309,238,0.47950426026336174
Isa.66.17,0.21966191380141695,455,280,194,0.3523728375935967
Isa.66.18,-0.16018150912656912,667,345,167,0.5151742835011619
Isa.66.19,0.3832534771268844,380,161,79,0.29584559772785957
Isa.66.20,0.2009826929382163,461,75,27,0.3579292538084172
Isa.66.21,0.3235112978029151,407,39,10,0.31596436870642913
Isa.66.22,1.6500016245045361,74,21,3,0.055626129615285305
Isa.66.23,1.6852436823343508,67,18,1,0.05161115414407436
Isa.66.24,-3.6450934109374273,1290,1290,1290,0.9986831913245546
