set,length,cross,dist,pct_spliced,pct_untouched
jeremiah,1,False,457,52.98218435321457,66.92486444616577
jeremiah,1,True,452,59.02401239349342,98.14097598760651
jeremiah,1,True,1124,97.44384198295894,98.06351665375678
jeremiah,1,False,484,76.06506584043377,37.567776917118515
jeremiah,1,True,841,76.21998450813324,94.50038729666926
jeremiah,1,True,640,31.138652207591015,95.12006196746708
jeremiah,1,True,569,65.53059643687065,43.609604957397366
jeremiah,1,True,146,11.773818745158792,97.90859798605732
jeremiah,1,True,273,47.40511231603408,98.52827265685515
jeremiah,1,False,313,32.22308288148722,56.003098373353986
jeremiah,1,False,175,90.16266460108443,62.35476374903176
jeremiah,1,True,811,63.981409759876065,73.35398915569326
jeremiah,1,True,250,95.50735863671572,77.38187451587916
jeremiah,1,True,804,47.56003098373354,98.60573199070488
jeremiah,1,True,1059,93.18357862122386,75.21301316808675
jeremiah,1,True,351,63.36173508907823,80.48024786986832
jeremiah,1,True,499,86.98683191324554,53.756777691711854
jeremiah,1,True,299,45.62354763749032,81.4872192099148
jeremiah,1,False,298,87.6839659178931,89.00077459333849
jeremiah,1,False,374,83.03640588690936,91.01471727343144
jeremiah,1,True,911,99.38032532920217,100.0
jeremiah,1,True,725,76.45236250968242,38.41982958946553
jeremiah,1,False,296,39.19442292796282,39.039504260263364
jeremiah,1,True,688,79.62819519752131,61.81254841208366
jeremiah,1,False,110,91.4020139426801,87.76142525174284
jeremiah,1,True,347,46.01084430673896,75.98760650658404
jeremiah,1,True,366,29.124709527498066,88.69093725793958
jeremiah,1,True,589,90.0852052672347,85.43764523625097
jeremiah,1,True,113,96.74670797831139,95.27498063516654
jeremiah,1,True,620,35.47637490317583,61.34779240898528
jeremiah,1,True,275,77.45933384972889,61.81254841208366
jeremiah,1,False,378,85.97986057319908,97.21146398140976
jeremiah,1,True,646,83.42370255615802,83.73353989155693
jeremiah,1,True,280,21.223857474825717,80.48024786986832
jeremiah,1,False,556,93.8032532920217,62.974438419829596
jeremiah,1,True,923,66.53756777691711,77.7691711851278
jeremiah,1,True,533,41.98295894655306,86.59953524399691
jeremiah,1,True,153,45.39116963594113,56.31293570875291
jeremiah,1,True,582,20.52672347017816,92.40898528272656
jeremiah,1,True,863,87.3741285824942,49.49651432997676
jeremiah,3,True,661,86.44461657629743,96.12703330751356
jeremiah,3,True,273,53.756777691711854,67.69945778466305
jeremiah,3,False,202,64.6010844306739,46.32068164213788
jeremiah,3,True,757,91.71185127807901,49.264136328427576
jeremiah,3,True,984,71.26258714175057,66.84740511231604
jeremiah,3,True,658,62.12238574748257,60.185902401239346
jeremiah,3,False,131,91.86676994577847,85.43764523625097
jeremiah,3,False,152,100.0,63.28427575522851
jeremiah,3,True,625,76.99457784663052,29.124709527498066
jeremiah,3,True,644,74.36096049573973,86.59953524399691
jeremiah,3,False,355,93.95817195972114,84.7405112316034
jeremiah,3,True,530,86.05731990704881,51.897753679318356
jeremiah,3,True,545,44.384198295894656,29.58946553059644
jeremiah,3,True,599,85.05034856700232,94.50038729666926
jeremiah,3,True,297,61.6576297443842,96.5143299767622
jeremiah,3,False,179,64.98838109992255,97.8311386522076
jeremiah,3,False,124,68.16421378776143,62.35476374903176
jeremiah,3,True,459,79.93803253292022,71.18512780790086
jeremiah,3,False,209,96.66924864446166,58.79163439194423
jeremiah,3,False,173,63.206816421378775,86.59953524399691
jeremiah,3,True,380,70.56545313710302,31.603408210689388
jeremiah,3,True,981,62.81951975213013,68.70642912470953
jeremiah,3,False,429,91.86676994577847,99.69016266460109
jeremiah,3,False,115,69.01626646010844,31.990704879938033
jeremiah,3,True,680,90.47250193648335,68.70642912470953
jeremiah,3,False,205,91.32455460883037,90.78233927188226
jeremiah,3,False,215,89.85282726568552,94.81022463206816
jeremiah,3,False,279,61.1154144074361,87.76142525174284
jeremiah,3,True,926,90.39504260263361,46.553059643687064
jeremiah,3,True,599,65.53059643687065,83.73353989155693
jeremiah,3,False,677,93.26103795507359,41.90549961270333
jeremiah,3,False,192,94.1130906274206,49.65143299767622
jeremiah,3,False,100,91.24709527498064,54.996127033307516
jeremiah,3,False,150,84.7405112316034,95.35243996901627
jeremiah,3,False,162,71.18512780790086,33.30751355538342
jeremiah,3,False,208,83.42370255615802,72.50193648334624
jeremiah,3,True,789,80.48024786986832,84.4306738962045
jeremiah,3,True,1084,91.63439194422928,84.1982958946553
jeremiah,3,True,346,68.93880712625872,62.896979085979865
jeremiah,3,True,532,97.0565453137103,98.68319132455461
jeremiah,6,True,664,92.71882261812549,92.09914794732765
jeremiah,6,True,453,99.4577846630519,55.46088303640588
jeremiah,6,True,207,97.0565453137103,99.38032532920217
jeremiah,6,False,135,92.64136328427576,92.64136328427576
jeremiah,6,False,326,86.83191324554609,83.50116189000775
jeremiah,6,False,233,73.97366382649109,72.26955848179706
jeremiah,6,False,118,94.34546862896978,97.90859798605732
jeremiah,6,False,255,94.19054996127034,83.57862122385747
jeremiah,6,False,510,82.72656855151045,99.4577846630519
jeremiah,6,False,225,87.52904725019364,63.439194422927955
jeremiah,6,True,217,95.73973663826492,41.90549961270333
jeremiah,6,False,173,98.99302865995352,62.509682416731216
jeremiah,6,True,454,84.9728892331526,91.4020139426801
jeremiah,6,True,846,85.28272656855151,96.20449264136329
jeremiah,6,True,646,93.26103795507359,97.13400464756003
jeremiah,6,True,792,96.12703330751356,61.1154144074361
jeremiah,6,True,379,98.99302865995352,93.64833462432223
jeremiah,6,False,420,88.45855925639039,95.35243996901627
jeremiah,6,False,393,93.95817195972114,31.603408210689388
jeremiah,6,False,266,92.64136328427576,86.52207591014718
jeremiah,6,False,212,95.58481797056545,95.35243996901627
jeremiah,6,False,180,90.31758326878389,93.8032532920217
jeremiah,6,True,1136,94.03563129357087,12.238574748257165
jeremiah,6,True,1137,99.14794732765299,92.17660728117738
jeremiah,6,True,233,86.21223857474826,91.09217660728117
jeremiah,6,False,480,99.22540666150272,81.95197521301317
jeremiah,6,False,406,94.65530596436871,87.06429124709527
jeremiah,6,True,325,96.82416731216111,94.26800929512005
jeremiah,6,True,703,98.68319132455461,99.14794732765299
jeremiah,6,False,176,96.281951975213,64.29124709527498
jeremiah,6,False,369,96.12703330751356,97.67621998450812
jeremiah,6,False,163,89.62044926413633,61.42525174283501
jeremiah,6,True,921,90.47250193648335,90.00774593338498
jeremiah,6,False,267,85.05034856700232,96.74670797831139
jeremiah,6,True,764,92.79628195197522,98.06351665375678
jeremiah,6,True,1148,96.82416731216111,98.21843532145623
jeremiah,6,True,379,95.66227730441518,79.86057319907049
jeremiah,6,True,1134,99.22540666150272,31.603408210689388
jeremiah,6,True,748,95.9721146398141,62.896979085979865
jeremiah,6,True,712,80.86754453911696,90.00774593338498
jeremiah,12,True,378,95.50735863671572,92.33152594887683
jeremiah,12,True,333,98.99302865995352,99.61270333075134
jeremiah,12,True,149,96.5143299767622,92.79628195197522
jeremiah,12,False,157,97.98605731990705,71.26258714175057
jeremiah,12,False,361,96.97908597986057,88.22618125484121
jeremiah,12,False,175,86.13477924089852,48.102246320681644
jeremiah,12,True,568,96.74670797831139,77.07203718048025
jeremiah,12,True,870,99.22540666150272,75.98760650658404
jeremiah,12,True,384,99.4577846630519,60.88303640588691
jeremiah,12,True,434,97.21146398140976,96.90162664601084
jeremiah,12,False,178,94.96514329976762,37.567776917118515
jeremiah,12,True,250,99.14794732765299,77.69171185127807
jeremiah,12,False,103,77.30441518202944,69.55848179705654
jeremiah,12,False,503,91.1696359411309,81.71959721146398
jeremiah,12,True,835,97.21146398140976,96.20449264136329
jeremiah,12,True,473,96.74670797831139,66.7699457784663
jeremiah,12,True,734,99.30286599535243,99.14794732765299
jeremiah,12,False,474,63.74903175832688,80.48024786986832
jeremiah,12,True,363,91.01471727343144,88.53601859024013
jeremiah,12,False,259,91.01471727343144,52.285050348567
jeremiah,12,True,235,96.20449264136329,68.00929512006196
jeremiah,12,True,668,93.95817195972114,79.78311386522076
jeremiah,12,True,313,88.76839659178931,91.71185127807901
jeremiah,12,True,487,95.50735863671572,88.61347792408985
jeremiah,12,True,637,72.50193648334624,54.996127033307516
jeremiah,12,True,827,94.42292796281953,89.46553059643688
jeremiah,12,True,306,73.66382649109218,85.67002323780015
jeremiah,12,True,189,87.29666924864446,49.80635166537567
jeremiah,12,False,110,96.12703330751356,83.34624322230829
jeremiah,12,True,251,92.09914794732765,49.88381099922541
jeremiah,12,False,125,64.75600309837336,78.69868319132456
jeremiah,12,True,942,96.74670797831139,98.52827265685515
jeremiah,12,True,352,95.19752130131681,95.27498063516654
jeremiah,12,True,931,93.0286599535244,95.81719597211465
jeremiah,12,False,422,96.5143299767622,85.82494190549961
jeremiah,12,True,150,97.98605731990705,95.04260263361735
jeremiah,12,False,189,57.474825716498835,95.58481797056545
jeremiah,12,True,272,72.42447714949651,79.86057319907049
jeremiah,12,True,735,93.0286599535244,82.41673121611154
jeremiah,12,True,413,99.84508133230054,63.05189775367932
jeremiah,24,False,304,75.21301316808675,18.590240123934933
jeremiah,24,False,170,74.43841982958946,41.05344694035632
jeremiah,24,True,582,91.24709527498064,97.0565453137103
jeremiah,24,True,729,98.45081332300542,64.29124709527498
jeremiah,24,True,1011,99.14794732765299,56.23547637490317
jeremiah,24,False,422,96.59178931061193,81.87451587916344
jeremiah,24,True,306,91.32455460883037,79.24089852827265
jeremiah,24,True,643,84.7405112316034,96.5143299767622
jeremiah,24,False,131,90.24012393493416,93.88071262587142
jeremiah,24,False,298,96.04957397366383,93.8032532920217
jeremiah,24,True,764,99.07048799380325,94.50038729666926
jeremiah,24,True,1073,96.66924864446166,69.01626646010844
jeremiah,24,True,184,99.07048799380325,77.7691711851278
jeremiah,24,True,367,90.47250193648335,97.75367931835787
jeremiah,24,True,291,79.86057319907049,56.467854376452365
jeremiah,24,False,281,96.35941130906274,44.46165762974438
jeremiah,24,True,978,93.0286599535244,96.12703330751356
jeremiah,24,False,454,98.60573199070488,88.53601859024013
jeremiah,24,False,317,85.82494190549961,86.13477924089852
jeremiah,24,False,352,98.83810999225406,63.594113090627424
jeremiah,24,False,202,96.04957397366383,58.17195972114639
jeremiah,24,True,771,88.61347792408985,99.30286599535243
jeremiah,24,True,118,97.13400464756003,87.141750580945
jeremiah,24,True,845,98.06351665375678,88.61347792408985
jeremiah,24,True,637,99.4577846630519,88.69093725793958
jeremiah,24,True,707,64.75600309837336,58.94655305964369
jeremiah,24,False,289,97.44384198295894,81.87451587916344
jeremiah,24,True,254,87.3741285824942,88.92331525948876
jeremiah,24,True,873,99.07048799380325,98.60573199070488
jeremiah,24,True,218,96.5143299767622,93.95817195972114
jeremiah,24,False,135,91.63439194422928,95.04260263361735
jeremiah,24,False,239,84.4306738962045,92.17660728117738
jeremiah,24,False,104,98.3733539891557,53.21456235476375
jeremiah,24,True,312,91.71185127807901,56.390395042602634
jeremiah,24,True,503,93.8032532920217,68.70642912470953
jeremiah,24,True,312,95.19752130131681,99.14794732765299
jeremiah,24,True,407,86.13477924089852,93.72579395817195
jeremiah,24,True,454,98.60573199070488,85.97986057319908
jeremiah,24,True,548,86.13477924089852,80.9450038729667
jeremiah,24,True,353,96.35941130906274,94.26800929512005
habakkuk,1,True,237,95.35243996901627,66.92486444616577
habakkuk,1,False,164,73.43144848954299,98.14097598760651
habakkuk,1,False,374,66.61502711076685,98.06351665375678
habakkuk,1,False,204,17.50580945003873,37.567776917118515
habakkuk,1,True,507,91.32455460883037,94.50038729666926
habakkuk,1,False,318,15.956622773044153,95.12006196746708
habakkuk,1,True,307,67.62199845081332,43.609604957397366
habakkuk,1,True,511,95.19752130131681,97.90859798605732
habakkuk,1,False,625,97.21146398140976,98.52827265685515
habakkuk,1,True,433,45.855925639039505,56.003098373353986
habakkuk,1,True,561,76.60728117738186,62.35476374903176
habakkuk,1,True,287,21.06893880712626,73.35398915569326
habakkuk,1,False,402,81.25484120836562,77.38187451587916
habakkuk,1,True,358,65.76297443841983,98.60573199070488
habakkuk,1,False,648,86.28969790859799,75.21301316808675
habakkuk,1,True,692,70.79783113865221,80.48024786986832
habakkuk,1,True,532,28.195197521301317,53.756777691711854
habakkuk,1,True,383,85.43764523625097,81.4872192099148
habakkuk,1,True,299,98.52827265685515,89.00077459333849
habakkuk,1,False,365,15.104570100697135,91.01471727343144
habakkuk,1,False,327,95.12006196746708,100.0
habakkuk,1,False,247,73.81874515879163,38.41982958946553
habakkuk,1,False,344,59.17893106119288,39.039504260263364
habakkuk,1,True,1158,69.86831913245545,61.81254841208366
habakkuk,1,False,235,77.07203718048025,87.76142525174284
habakkuk,1,True,939,95.12006196746708,75.98760650658404
habakkuk,1,True,922,51.97521301316809,88.69093725793958
habakkuk,1,True,915,99.84508133230054,85.43764523625097
habakkuk,1,False,295,49.80635166537567,95.27498063516654
habakkuk,1,True,403,69.1711851278079,61.34779240898528
habakkuk,1,True,510,72.34701781564678,61.81254841208366
habakkuk,1,False,104,67.07978311386522,97.21146398140976
habakkuk,1,True,709,60.108443067389615,83.73353989155693
habakkuk,1,True,625,25.87141750580945,80.48024786986832
habakkuk,1,False,273,71.64988381099923,62.974438419829596
habakkuk,1,False,169,96.5143299767622,77.7691711851278
habakkuk,1,True,496,41.05344694035632,86.59953524399691
habakkuk,1,True,373,54.6862896979086,56.31293570875291
habakkuk,1,True,316,94.65530596436871,92.40898528272656
habakkuk,1,True,347,44.306738962044925,49.49651432997676
habakkuk,3,True,1167,84.27575522850503,96.12703330751356
habakkuk,3,True,182,71.72734314484896,67.69945778466305
habakkuk,3,False,413,74.59333849728893,46.32068164213788
habakkuk,3,True,576,54.29899302865996,49.264136328427576
habakkuk,3,True,1008,74.20604182804028,66.84740511231604
habakkuk,3,False,101,95.58481797056545,60.185902401239346
habakkuk,3,True,477,76.52982184353215,85.43764523625097
habakkuk,3,False,299,62.81951975213013,63.28427575522851
habakkuk,3,True,633,51.43299767621998,29.124709527498066
habakkuk,3,False,112,94.96514329976762,86.59953524399691
habakkuk,3,True,181,44.229279628195194,84.7405112316034
habakkuk,3,True,639,95.50735863671572,51.897753679318356
habakkuk,3,False,189,73.27652982184352,29.58946553059644
habakkuk,3,False,113,59.33384972889233,94.50038729666926
habakkuk,3,False,630,53.137103020914026,96.5143299767622
habakkuk,3,False,148,62.66460108443067,97.8311386522076
habakkuk,3,True,796,63.439194422927955,62.35476374903176
habakkuk,3,False,260,95.50735863671572,71.18512780790086
habakkuk,3,True,823,84.4306738962045,58.79163439194423
habakkuk,3,True,421,95.42989930286599,86.59953524399691
habakkuk,3,False,401,93.10611928737413,31.603408210689388
habakkuk,3,False,376,92.4864446165763,68.70642912470953
habakkuk,3,False,321,95.58481797056545,99.69016266460109
habakkuk,3,True,616,94.96514329976762,31.990704879938033
habakkuk,3,True,144,79.08597986057319,68.70642912470953
habakkuk,3,True,334,52.05267234701781,90.78233927188226
habakkuk,3,False,230,92.87374128582493,94.81022463206816
habakkuk,3,True,465,91.24709527498064,87.76142525174284
habakkuk,3,False,114,89.38807126258715,46.553059643687064
habakkuk,3,True,610,84.89542989930287,83.73353989155693
habakkuk,3,False,198,96.97908597986057,41.90549961270333
habakkuk,3,True,1010,65.06584043377227,49.65143299767622
habakkuk,3,True,688,22.773044151820294,54.996127033307516
habakkuk,3,True,444,91.24709527498064,95.35243996901627
habakkuk,3,True,131,83.50116189000775,33.30751355538342
habakkuk,3,True,683,35.08907823392719,72.50193648334624
habakkuk,3,True,754,87.83888458559257,84.4306738962045
habakkuk,3,False,209,74.82571649883812,84.1982958946553
habakkuk,3,False,282,32.92021688613478,62.896979085979865
habakkuk,3,False,541,81.02246320681643,98.68319132455461
habakkuk,6,True,162,89.85282726568552,92.09914794732765
habakkuk,6,False,120,96.97908597986057,55.46088303640588
habakkuk,6,False,176,89.85282726568552,99.38032532920217
habakkuk,6,True,241,79.00852052672347,92.64136328427576
habakkuk,6,False,408,74.74825716498839,83.50116189000775
habakkuk,6,True,605,99.07048799380325,72.26955848179706
habakkuk,6,False,355,85.82494190549961,97.90859798605732
habakkuk,6,True,567,91.47947327652982,83.57862122385747
habakkuk,6,True,126,98.06351665375678,99.4577846630519
habakkuk,6,True,367,92.64136328427576,63.439194422927955
habakkuk,6,False,385,90.39504260263361,41.90549961270333
habakkuk,6,False,469,96.12703330751356,62.509682416731216
habakkuk,6,False,426,94.42292796281953,91.4020139426801
habakkuk,6,True,1113,76.37490317583269,96.20449264136329
habakkuk,6,True,483,99.84508133230054,97.13400464756003
habakkuk,6,True,373,92.95120061967467,61.1154144074361
habakkuk,6,True,1151,99.4577846630519,93.64833462432223
habakkuk,6,True,123,90.00774593338498,95.35243996901627
habakkuk,6,True,912,93.8032532920217,31.603408210689388
habakkuk,6,False,694,97.13400464756003,86.52207591014718
habakkuk,6,True,233,99.61270333075134,95.35243996901627
habakkuk,6,True,271,96.35941130906274,93.8032532920217
habakkuk,6,True,965,95.9721146398141,12.238574748257165
habakkuk,6,False,294,98.14097598760651,92.17660728117738
habakkuk,6,True,197,82.95894655305965,91.09217660728117
habakkuk,6,False,571,98.76065065840433,81.95197521301317
habakkuk,6,True,585,89.38807126258715,87.06429124709527
habakkuk,6,False,465,74.67079783113864,94.26800929512005
habakkuk,6,True,432,97.5987606506584,99.14794732765299
habakkuk,6,False,221,96.66924864446166,64.29124709527498
habakkuk,6,True,696,93.88071262587142,97.67621998450812
habakkuk,6,True,537,95.73973663826492,61.42525174283501
habakkuk,6,True,431,96.35941130906274,90.00774593338498
habakkuk,6,True,361,98.76065065840433,96.74670797831139
habakkuk,6,False,278,81.79705654531371,98.06351665375678
habakkuk,6,True,565,98.52827265685515,98.21843532145623
habakkuk,6,True,474,99.14794732765299,79.86057319907049
habakkuk,6,True,330,99.4577846630519,31.603408210689388
habakkuk,6,True,313,77.69171185127807,62.896979085979865
habakkuk,6,True,796,99.22540666150272,90.00774593338498
habakkuk,12,True,386,99.14794732765299,92.33152594887683
habakkuk,12,True,275,97.52130131680867,99.61270333075134
habakkuk,12,True,400,90.78233927188226,92.79628195197522
habakkuk,12,False,304,62.81951975213013,71.26258714175057
habakkuk,12,False,127,94.65530596436871,88.22618125484121
habakkuk,12,True,319,95.35243996901627,48.102246320681644
habakkuk,12,True,1058,86.75445391169636,77.07203718048025
habakkuk,12,True,500,87.21920991479473,75.98760650658404
habakkuk,12,False,259,94.81022463206816,60.88303640588691
habakkuk,12,False,104,99.61270333075134,96.90162664601084
habakkuk,12,True,961,97.0565453137103,37.567776917118515
habakkuk,12,False,166,86.67699457784663,77.69171185127807
habakkuk,12,True,709,96.74670797831139,69.55848179705654
habakkuk,12,True,313,96.90162664601084,81.71959721146398
habakkuk,12,False,329,97.8311386522076,96.20449264136329
habakkuk,12,True,378,61.50271107668473,66.7699457784663
habakkuk,12,False,422,96.35941130906274,99.14794732765299
habakkuk,12,False,105,76.21998450813324,80.48024786986832
habakkuk,12,True,772,99.07048799380325,88.53601859024013
habakkuk,12,True,535,99.07048799380325,52.285050348567
habakkuk,12,False,131,90.16266460108443,68.00929512006196
habakkuk,12,False,142,71.72734314484896,79.78311386522076
habakkuk,12,True,589,86.36715724244772,91.71185127807901
habakkuk,12,True,1095,99.69016266460109,88.61347792408985
habakkuk,12,True,560,97.52130131680867,54.996127033307516
habakkuk,12,True,520,99.30286599535243,89.46553059643688
habakkuk,12,True,210,95.04260263361735,85.67002323780015
habakkuk,12,True,839,98.68319132455461,49.80635166537567
habakkuk,12,True,784,98.3733539891557,83.34624322230829
habakkuk,12,False,184,97.98605731990705,49.88381099922541
habakkuk,12,False,187,90.6274206041828,78.69868319132456
habakkuk,12,True,352,96.35941130906274,98.52827265685515
habakkuk,12,True,170,90.24012393493416,95.27498063516654
habakkuk,12,False,264,98.68319132455461,95.81719597211465
habakkuk,12,False,165,86.21223857474826,85.82494190549961
habakkuk,12,True,363,90.24012393493416,95.04260263361735
habakkuk,12,True,622,94.19054996127034,95.58481797056545
habakkuk,12,True,732,97.36638264910921,79.86057319907049
habakkuk,12,False,169,99.22540666150272,82.41673121611154
habakkuk,12,True,809,97.98605731990705,63.05189775367932
habakkuk,24,False,120,95.89465530596438,18.590240123934933
habakkuk,24,True,751,96.5143299767622,41.05344694035632
habakkuk,24,True,736,94.03563129357087,97.0565453137103
habakkuk,24,False,241,85.43764523625097,64.29124709527498
habakkuk,24,True,342,95.19752130131681,56.23547637490317
habakkuk,24,False,377,99.4577846630519,81.87451587916344
habakkuk,24,True,213,81.25484120836562,79.24089852827265
habakkuk,24,True,468,95.89465530596438,96.5143299767622
habakkuk,24,False,201,83.88845855925639,93.88071262587142
habakkuk,24,False,100,94.1130906274206,93.8032532920217
habakkuk,24,False,466,96.5143299767622,94.50038729666926
habakkuk,24,True,430,93.95817195972114,69.01626646010844
habakkuk,24,True,534,95.50735863671572,77.7691711851278
habakkuk,24,True,988,98.91556932610379,97.75367931835787
habakkuk,24,True,671,80.63516653756778,56.467854376452365
habakkuk,24,False,228,99.14794732765299,44.46165762974438
habakkuk,24,True,692,90.00774593338498,96.12703330751356
habakkuk,24,False,478,97.90859798605732,88.53601859024013
habakkuk,24,False,162,48.02478698683191,86.13477924089852
habakkuk,24,True,884,76.91711851278079,63.594113090627424
habakkuk,24,True,186,99.14794732765299,58.17195972114639
habakkuk,24,True,849,92.64136328427576,99.30286599535243
habakkuk,24,True,507,90.93725793958171,87.141750580945
habakkuk,24,True,631,95.58481797056545,88.61347792408985
habakkuk,24,False,353,96.281951975213,88.69093725793958
habakkuk,24,True,1081,99.4577846630519,58.94655305964369
habakkuk,24,True,672,95.35243996901627,81.87451587916344
habakkuk,24,True,613,98.3733539891557,88.92331525948876
habakkuk,24,True,916,93.88071262587142,98.60573199070488
habakkuk,24,True,1080,99.69016266460109,93.95817195972114
habakkuk,24,False,160,95.35243996901627,95.04260263361735
habakkuk,24,True,648,99.22540666150272,92.17660728117738
habakkuk,24,False,191,84.66305189775369,53.21456235476375
habakkuk,24,False,393,100.0,56.390395042602634
habakkuk,24,True,602,92.64136328427576,68.70642912470953
habakkuk,24,True,371,95.42989930286599,99.14794732765299
habakkuk,24,True,302,72.73431448489544,93.72579395817195
habakkuk,24,True,478,90.39504260263361,85.97986057319908
habakkuk,24,False,358,91.32455460883037,80.9450038729667
habakkuk,24,False,455,80.9450038729667,94.26800929512005
micah,1,True,1125,98.60573199070488,66.92486444616577
micah,1,True,411,33.30751355538342,98.14097598760651
micah,1,False,166,91.32455460883037,98.06351665375678
micah,1,True,446,57.474825716498835,37.567776917118515
micah,1,True,437,75.21301316808675,94.50038729666926
micah,1,True,950,85.59256390395042,95.12006196746708
micah,1,False,254,88.53601859024013,43.609604957397366
micah,1,False,385,7.126258714175059,97.90859798605732
micah,1,True,426,21.456235476374903,98.52827265685515
micah,1,False,237,70.41053446940356,56.003098373353986
micah,1,True,179,52.51742835011619,62.35476374903176
micah,1,True,268,57.629744384198304,73.35398915569326
micah,1,False,159,61.1154144074361,77.38187451587916
micah,1,True,804,19.984508133230054,98.60573199070488
micah,1,True,798,66.38264910921767,75.21301316808675
micah,1,False,228,98.68319132455461,80.48024786986832
micah,1,False,124,21.06893880712626,53.756777691711854
micah,1,False,194,30.751355538342366,81.4872192099148
micah,1,True,1026,60.72811773818745,89.00077459333849
micah,1,True,931,45.778466305189774,91.01471727343144
micah,1,True,612,99.07048799380325,100.0
micah,1,False,585,79.16343919442292,38.41982958946553
micah,1,True,402,49.88381099922541,39.039504260263364
micah,1,True,893,81.79705654531371,61.81254841208366
micah,1,False,267,69.86831913245545,87.76142525174284
micah,1,True,469,37.64523625096824,75.98760650658404
micah,1,True,758,77.61425251742835,88.69093725793958
micah,1,True,583,51.27807900852053,85.43764523625097
micah,1,False,122,64.91092176607282,95.27498063516654
micah,1,True,192,87.76142525174284,61.34779240898528
micah,1,True,1007,38.96204492641363,61.81254841208366
micah,1,True,522,49.03175832687839,97.21146398140976
micah,1,True,873,64.52362509682416,83.73353989155693
micah,1,True,246,62.896979085979865,80.48024786986832
micah,1,True,1207,98.91556932610379,62.974438419829596
micah,1,True,805,60.03098373353989,77.7691711851278
micah,1,True,910,57.24244771494965,86.59953524399691
micah,1,True,220,49.57397366382649,56.31293570875291
micah,1,True,478,77.38187451587916,92.40898528272656
micah,1,True,140,92.4864446165763,49.49651432997676
micah,3,True,354,95.50735863671572,96.12703330751356
micah,3,True,728,99.07048799380325,67.69945778466305
micah,3,True,436,74.98063516653757,46.32068164213788
micah,3,True,749,57.629744384198304,49.264136328427576
micah,3,False,163,96.97908597986057,66.84740511231604
micah,3,True,470,89.85282726568552,60.185902401239346
micah,3,True,532,86.52207591014718,85.43764523625097
micah,3,True,746,76.83965917893106,63.28427575522851
micah,3,True,762,92.56390395042602,29.124709527498066
micah,3,False,228,77.2269558481797,86.59953524399691
micah,3,False,223,69.79085979860574,84.7405112316034
micah,3,True,1147,66.69248644461658,51.897753679318356
micah,3,True,999,88.61347792408985,29.58946553059644
micah,3,True,651,77.30441518202944,94.50038729666926
micah,3,True,430,89.31061192873742,96.5143299767622
micah,3,True,339,85.59256390395042,97.8311386522076
micah,3,False,169,81.56467854376453,62.35476374903176
micah,3,False,124,91.32455460883037,71.18512780790086
micah,3,False,227,99.22540666150272,58.79163439194423
micah,3,False,393,22.61812548412084,86.59953524399691
micah,3,False,514,86.98683191324554,31.603408210689388
micah,3,True,455,62.896979085979865,68.70642912470953
micah,3,True,1160,92.79628195197522,99.69016266460109
micah,3,False,156,82.88148721920992,31.990704879938033
micah,3,False,171,82.26181254841208,68.70642912470953
micah,3,True,251,60.41828040278854,90.78233927188226
micah,3,False,382,86.36715724244772,94.81022463206816
micah,3,False,211,76.21998450813324,87.76142525174284
micah,3,False,198,77.30441518202944,46.553059643687064
micah,3,True,1140,73.66382649109218,83.73353989155693
micah,3,True,589,57.78466305189775,41.90549961270333
micah,3,True,511,59.798605731990705,49.65143299767622
micah,3,True,306,94.19054996127034,54.996127033307516
micah,3,True,1012,92.17660728117738,95.35243996901627
micah,3,False,106,48.56700232378002,33.30751355538342
micah,3,False,213,86.36715724244772,72.50193648334624
micah,3,True,456,65.37567776917118,84.4306738962045
micah,3,False,211,50.426026336173514,84.1982958946553
micah,3,True,302,73.50890782339272,62.896979085979865
micah,3,True,424,99.22540666150272,98.68319132455461
micah,6,True,970,94.88768396591789,92.09914794732765
micah,6,False,513,97.2889233152595,55.46088303640588
micah,6,False,107,87.21920991479473,99.38032532920217
micah,6,True,503,95.9721146398141,92.64136328427576
micah,6,False,624,96.74670797831139,83.50116189000775
micah,6,False,473,99.4577846630519,72.26955848179706
micah,6,False,451,89.5429899302866,97.90859798605732
micah,6,False,482,90.54996127033309,83.57862122385747
micah,6,True,663,76.83965917893106,99.4577846630519
micah,6,True,328,98.99302865995352,63.439194422927955
micah,6,True,423,90.0852052672347,41.90549961270333
micah,6,True,914,98.68319132455461,62.509682416731216
micah,6,True,301,99.14794732765299,91.4020139426801
micah,6,True,848,91.86676994577847,96.20449264136329
micah,6,True,669,90.24012393493416,97.13400464756003
micah,6,False,164,81.56467854376453,61.1154144074361
micah,6,True,993,97.21146398140976,93.64833462432223
micah,6,False,296,98.76065065840433,95.35243996901627
micah,6,False,179,90.0852052672347,31.603408210689388
micah,6,True,1217,99.30286599535243,86.52207591014718
micah,6,True,561,97.90859798605732,95.35243996901627
micah,6,True,338,95.50735863671572,93.8032532920217
micah,6,True,482,87.76142525174284,12.238574748257165
micah,6,False,243,96.5143299767622,92.17660728117738
micah,6,True,198,96.04957397366383,91.09217660728117
micah,6,True,517,70.72037180480247,81.95197521301317
micah,6,False,109,93.88071262587142,87.06429124709527
micah,6,True,991,97.52130131680867,94.26800929512005
micah,6,False,406,99.22540666150272,99.14794732765299
micah,6,True,636,98.99302865995352,64.29124709527498
micah,6,False,569,54.76374903175832,97.67621998450812
micah,6,True,308,93.18357862122386,61.42525174283501
micah,6,True,297,98.76065065840433,90.00774593338498
micah,6,True,391,99.22540666150272,96.74670797831139
micah,6,False,716,99.4577846630519,98.06351665375678
micah,6,False,149,94.57784663051898,98.21843532145623
micah,6,False,133,89.46553059643688,79.86057319907049
micah,6,True,717,97.90859798605732,31.603408210689388
micah,6,True,703,67.38962044926413,62.896979085979865
micah,6,True,971,96.82416731216111,90.00774593338498
micah,12,True,352,95.66227730441518,92.33152594887683
micah,12,False,254,91.71185127807901,99.61270333075134
micah,12,False,163,96.74670797831139,92.79628195197522
micah,12,False,164,92.87374128582493,71.26258714175057
micah,12,False,131,72.81177381874517,88.22618125484121
micah,12,False,499,86.28969790859799,48.102246320681644
micah,12,False,567,62.509682416731216,77.07203718048025
micah,12,True,271,78.69868319132456,75.98760650658404
micah,12,True,600,98.06351665375678,60.88303640588691
micah,12,False,187,90.00774593338498,96.90162664601084
micah,12,True,531,98.91556932610379,37.567776917118515
micah,12,True,244,59.48876839659179,77.69171185127807
micah,12,False,382,97.44384198295894,69.55848179705654
micah,12,True,168,90.93725793958171,81.71959721146398
micah,12,True,635,91.78931061192874,96.20449264136329
micah,12,False,121,54.22153369481022,66.7699457784663
micah,12,True,393,99.07048799380325,99.14794732765299
micah,12,True,101,56.23547637490317,80.48024786986832
micah,12,True,918,95.42989930286599,88.53601859024013
micah,12,True,431,98.68319132455461,52.285050348567
micah,12,True,405,92.87374128582493,68.00929512006196
micah,12,True,561,96.43687064291248,79.78311386522076
micah,12,True,196,90.16266460108443,91.71185127807901
micah,12,True,802,70.72037180480247,88.61347792408985
micah,12,True,966,99.4577846630519,54.996127033307516
micah,12,False,122,96.20449264136329,89.46553059643688
micah,12,True,533,94.26800929512005,85.67002323780015
micah,12,True,459,95.58481797056545,49.80635166537567
micah,12,True,535,90.6274206041828,83.34624322230829
micah,12,True,357,89.93028659953525,49.88381099922541
micah,12,True,350,98.06351665375678,78.69868319132456
micah,12,True,221,84.27575522850503,98.52827265685515
micah,12,True,462,99.07048799380325,95.27498063516654
micah,12,False,563,89.77536793183577,95.81719597211465
micah,12,False,419,96.66924864446166,85.82494190549961
micah,12,True,913,89.31061192873742,95.04260263361735
micah,12,False,633,99.14794732765299,95.58481797056545
micah,12,True,485,95.35243996901627,79.86057319907049
micah,12,True,965,97.36638264910921,82.41673121611154
micah,12,True,656,99.07048799380325,63.05189775367932
micah,24,False,103,92.56390395042602,18.590240123934933
micah,24,False,270,89.77536793183577,41.05344694035632
micah,24,False,540,95.35243996901627,97.0565453137103
micah,24,True,1011,99.07048799380325,64.29124709527498
micah,24,True,984,89.00077459333849,56.23547637490317
micah,24,True,937,93.95817195972114,81.87451587916344
micah,24,False,160,77.61425251742835,79.24089852827265
micah,24,False,445,95.04260263361735,96.5143299767622
micah,24,False,308,97.67621998450812,93.88071262587142
micah,24,False,183,93.41595662277304,93.8032532920217
micah,24,False,651,98.60573199070488,94.50038729666926
micah,24,True,161,98.60573199070488,69.01626646010844
micah,24,True,906,99.22540666150272,77.7691711851278
micah,24,False,268,99.07048799380325,97.75367931835787
micah,24,True,332,96.35941130906274,56.467854376452365
micah,24,False,250,95.27498063516654,44.46165762974438
micah,24,True,759,83.03640588690936,96.12703330751356
micah,24,True,607,99.61270333075134,88.53601859024013
micah,24,True,777,98.3733539891557,86.13477924089852
micah,24,True,745,70.95274980635166,63.594113090627424
micah,24,True,537,93.72579395817195,58.17195972114639
micah,24,True,378,97.98605731990705,99.30286599535243
micah,24,True,175,84.12083656080557,87.141750580945
micah,24,True,452,98.91556932610379,88.61347792408985
micah,24,False,311,86.44461657629743,88.69093725793958
micah,24,True,309,86.28969790859799,58.94655305964369
micah,24,False,263,86.13477924089852,81.87451587916344
micah,24,False,314,64.05886909372579,88.92331525948876
micah,24,True,406,99.4577846630519,98.60573199070488
micah,24,False,517,98.06351665375678,93.95817195972114
micah,24,False,339,92.95120061967467,95.04260263361735
micah,24,True,616,96.82416731216111,92.17660728117738
micah,24,True,691,99.14794732765299,53.21456235476375
micah,24,False,533,98.68319132455461,56.390395042602634
micah,24,False,322,95.19752130131681,68.70642912470953
micah,24,False,110,95.58481797056545,99.14794732765299
micah,24,False,264,88.14872192099148,93.72579395817195
micah,24,True,805,89.85282726568552,85.97986057319908
micah,24,True,671,97.75367931835787,80.9450038729667
micah,24,True,532,81.33230054221534,94.26800929512005
