hit_shared,hit_gpt,hit_dicta,max_cfi,max_zg,max_zd,n_shared_book,home_flagged,condition,length,trial,pos,host_verse,host_section,block_first,block_section,n_verses
True,True,True,3.907500937200833,1.9088690846337704,1.9986318525670628,22,False,plant,1,0,785,Isa.40.20,40-55,Hab.2.19,,1292
True,True,True,3.953561526747032,1.954931511102371,1.9986300156446608,22,,move,1,0,785,Isa.40.20,40-55,Isa.29.10,1-39,1291
True,True,True,3.9426909724983705,1.9441162450145792,1.998574727483791,22,,null,1,0,785,Isa.40.20,40-55,,,1291
False,False,True,3.7825790796253553,1.7833626428237153,1.99921643680164,22,False,plant,1,1,447,Isa.24.7,1-39,Hab.2.8,,1292
False,False,True,3.8147351028796432,1.829236212757922,1.985498890121721,22,,move,1,1,447,Isa.24.7,1-39,Isa.32.7,1-39,1291
False,False,True,3.744867821483566,1.7456527392146552,1.9992150822689105,22,,null,1,1,447,Isa.24.7,1-39,,,1291
False,False,False,1.751983543539056,1.1834966257123485,1.1896393830431042,22,False,plant,1,2,582,Isa.30.20,1-39,Hab.2.11,,1292
False,False,True,3.0800567820726332,1.0898773591160247,1.9901794229566083,22,,move,1,2,582,Isa.30.20,1-39,Isa.10.13,1-39,1291
False,False,False,2.3477381554653647,1.187890914915451,1.1598472405499134,22,,null,1,2,582,Isa.30.20,1-39,,,1291
False,False,False,3.549771108726408,1.7374655918868127,1.8123055168395956,22,False,plant,1,3,262,Isa.13.11,1-39,Hab.1.5,,1292
False,False,False,3.5427967779174985,1.7296933017643896,1.8131034761531086,22,,move,1,3,262,Isa.13.11,1-39,Isa.3.6,1-39,1291
False,True,False,3.7383311084347044,1.9221624062131055,1.816168702221599,22,,null,1,3,262,Isa.13.11,1-39,,,1291
False,True,True,1.738334212005178,1.9626962139762318,1.9644677204650474,22,False,plant,1,4,1071,Isa.54.3,40-55,Hab.3.16,,1292
False,True,True,1.4985502050907722,1.998153970344726,1.984783168441366,22,,move,1,4,1071,Isa.54.3,40-55,Isa.30.2,1-39,1291
False,False,True,2.5168210246923155,0.5322460343830434,1.9845749903092722,22,,null,1,4,1071,Isa.54.3,40-55,,,1291
True,True,True,3.9161270636418957,1.9972630997599268,1.9188639638819687,22,False,plant,1,5,347,Isa.18.5,1-39,Hab.3.9,,1292
True,True,True,3.96852002505607,1.9917346377331708,1.9767853873228993,22,,move,1,5,347,Isa.18.5,1-39,Isa.3.25,1-39,1291
True,True,True,3.972269139239052,1.9941117547490013,1.9781573844900509,22,,null,1,5,347,Isa.18.5,1-39,,,1291
False,False,True,3.021938616901213,1.027292591148192,1.9946460257530207,22,False,plant,1,6,906,Isa.44.28,40-55,Hab.1.15,,1292
False,False,True,3.2051384831713823,1.206307300363256,1.9988311828081262,22,,move,1,6,906,Isa.44.28,40-55,Isa.31.4,1-39,1291
False,False,True,3.22147393973395,1.8832623715654615,1.998936475162819,22,,null,1,6,906,Isa.44.28,40-55,,,1291
False,False,False,2.9521427740880597,1.3007722394532693,1.6513705346347902,22,False,plant,1,7,391,Isa.21.11,1-39,Hab.1.12,,1292
False,False,False,-0.6989497306536265,-0.17045086864619102,-0.4227685464740367,22,,move,1,7,391,Isa.21.11,1-39,Isa.44.24,40-55,1291
False,False,True,3.7623783317671444,1.828346207583297,1.9340321241838472,22,,null,1,7,391,Isa.21.11,1-39,,,1291
False,False,False,2.816823003391139,1.2775589584313471,1.5392640449597916,22,False,plant,1,8,745,Isa.38.10,1-39,Hab.2.16,,1292
False,False,True,2.164916544809719,1.4790087423734553,1.929868612305817,23,,move,1,8,745,Isa.38.10,1-39,Isa.6.6,1-39,1291
False,True,False,3.7097811051288025,1.9742086428777594,1.7355724622510431,22,,null,1,8,745,Isa.38.10,1-39,,,1291
False,False,False,1.0691631731379183,1.7919798414594295,1.5511693837743363,22,False,plant,1,9,631,Isa.33.7,1-39,Hab.3.17,,1292
False,False,False,0.9201009341486287,1.8983769910996366,1.4514109905779868,22,,move,1,9,631,Isa.33.7,1-39,Isa.41.23,40-55,1291
False,False,False,1.1609773455069674,1.8428901080058204,1.5424038850979516,22,,null,1,9,631,Isa.33.7,1-39,,,1291
False,True,False,2.57022933620604,1.9264609053903436,0.6437684308156963,22,False,plant,1,10,902,Isa.44.24,40-55,Hab.3.4,,1292
False,False,False,0.9478175749741656,1.3118237605791303,-0.23155083534043638,22,,move,1,10,902,Isa.44.24,40-55,Isa.19.25,1-39,1291
False,False,False,0.6478964007812802,1.1241938684883115,-0.46250525293742967,22,,null,1,10,902,Isa.44.24,40-55,,,1291
False,False,False,0.56824424914108,1.5957464668242185,1.3952927607074879,22,False,plant,1,11,1182,Isa.60.16,56-66,Hab.1.2,,1292
True,True,True,3.8718612204250773,1.953418229619024,1.9184429908060536,23,,move,1,11,1182,Isa.60.16,56-66,Isa.44.17,40-55,1291
False,False,False,1.7624643644672988,1.1402661811180665,1.3196142174807401,22,,null,1,11,1182,Isa.60.16,56-66,,,1291
False,True,False,3.699660682645466,1.9520466894532773,1.7476139931921888,22,False,plant,1,12,437,Isa.23.15,1-39,Hab.3.3,,1292
False,False,False,3.5570210474459127,1.8220409252636731,1.7349801221822394,22,,move,1,12,437,Isa.23.15,1-39,Isa.2.5,1-39,1291
False,False,False,1.8623387181934772,1.4945554339197826,0.3677832842736946,22,,null,1,12,437,Isa.23.15,1-39,,,1291
False,False,True,3.5781976725181948,1.5796980636056734,1.9984996089125213,21,False,plant,1,13,589,Isa.30.27,1-39,Hab.2.18,,1292
True,True,True,3.851313796404863,1.9502066400847735,1.9011071563200894,22,,move,1,13,589,Isa.30.27,1-39,Isa.47.3,40-55,1291
True,True,True,3.9656079196891163,1.967850018738361,1.9977579009507551,22,,null,1,13,589,Isa.30.27,1-39,,,1291
False,False,True,1.3270952929914916,1.8708847789738665,1.9944877181187877,22,False,plant,1,14,66,Isa.3.14,1-39,Hab.3.18,,1292
False,False,False,1.5181501430744633,1.8712468452798943,-0.28766469500370834,22,,move,1,14,66,Isa.3.14,1-39,Isa.14.27,1-39,1291
False,False,False,1.4277989599420855,1.871171207506546,0.13149176972096907,22,,null,1,14,66,Isa.3.14,1-39,,,1291
False,False,False,3.5811571400725866,1.8505617352558754,1.730595404816711,22,False,plant,1,15,440,Isa.23.18,1-39,Hab.2.17,,1292
False,True,False,3.650866394216121,1.9297022943030382,1.7211640999130826,22,,move,1,15,440,Isa.23.18,1-39,Isa.58.1,56-66,1291
False,True,False,3.691429192742378,1.97321520478589,1.7182139879564882,22,,null,1,15,440,Isa.23.18,1-39,,,1291
False,False,False,1.0347458465277097,0.9550976536262656,1.7160732684137747,22,False,plant,1,16,1231,Isa.64.1,56-66,Hab.2.19,,1292
False,False,False,1.2837209198671498,0.3244018009130399,1.7150264850877484,22,,move,1,16,1231,Isa.64.1,56-66,Isa.37.2,1-39,1291
False,False,False,1.253430810748606,-0.3452711952619312,1.7247315365176437,22,,null,1,16,1231,Isa.64.1,56-66,,,1291
False,True,False,3.789066586453335,1.9977971858611212,1.7912694005922136,23,False,plant,1,17,413,Isa.22.16,1-39,Hab.3.15,,1292
False,False,False,0.5554762093007062,1.6253486434678381,0.332909531454888,22,,move,1,17,413,Isa.22.16,1-39,Isa.40.31,40-55,1291
False,False,False,0.12292095358411459,0.9819357114378515,-0.49389525888575425,22,,null,1,17,413,Isa.22.16,1-39,,,1291
False,False,True,3.2280564534191534,1.3208622522125804,1.907194201206573,22,False,plant,1,18,470,Isa.25.7,1-39,Hab.3.12,,1292
False,False,False,-0.4663195469592296,0.11872304980139423,-0.3550956057535726,22,,move,1,18,470,Isa.25.7,1-39,Isa.50.10,40-55,1291
False,False,False,-0.41052684012506613,0.15706028582449869,-0.5101030181196365,22,,null,1,18,470,Isa.25.7,1-39,,,1291
False,False,True,3.291305279430021,1.2917624713617917,1.999542808068229,22,False,plant,1,19,601,Isa.31.6,1-39,Hab.1.8,,1292
False,False,False,3.231808052405211,1.8286757382180034,1.4031323141872076,22,,move,1,19,601,Isa.31.6,1-39,Isa.11.7,1-39,1291
False,False,False,3.257778698742827,1.8905426497198774,1.3672360490229498,22,,null,1,19,601,Isa.31.6,1-39,,,1291
False,False,True,2.309808081958179,1.8252405559242413,1.9688154711150612,22,False,plant,1,20,464,Isa.25.1,1-39,Hab.1.7,,1292
False,True,False,3.651851722331907,1.9975443484253221,1.6543073739065846,22,,move,1,20,464,Isa.25.1,1-39,Isa.7.10,1-39,1291
False,True,False,3.7120002731111135,1.9962031022175033,1.7157971708936102,22,,null,1,20,464,Isa.25.1,1-39,,,1291
False,False,True,2.162537134421795,1.8761099928049438,1.9636558910603454,22,False,plant,1,21,711,Isa.37.14,1-39,Hab.3.12,,1292
False,True,False,3.7909047244360536,1.9962462958368983,1.7946584285991554,22,,move,1,21,711,Isa.37.14,1-39,Isa.28.1,1-39,1291
False,True,False,3.7875992486399257,1.9993199582919445,1.7882792903479812,22,,null,1,21,711,Isa.37.14,1-39,,,1291
False,False,True,3.7892590379055426,1.809221459115061,1.9800375787904816,22,False,plant,1,22,209,Isa.10.14,1-39,Hab.3.14,,1292
False,False,False,1.8105645034728726,1.8070740224192883,1.8949852344166467,22,,move,1,22,209,Isa.10.14,1-39,Isa.65.20,56-66,1291
False,False,False,1.4014378195747423,1.267839124684905,1.765706602922345,22,,null,1,22,209,Isa.10.14,1-39,,,1291
False,False,False,3.1635291458643042,1.756687176402164,1.4068419694621404,22,False,plant,1,23,97,Isa.5.13,1-39,Hab.1.7,,1292
False,False,False,0.6438976705312025,1.1867277012130224,-0.2706167768087835,22,,move,1,23,97,Isa.5.13,1-39,Isa.65.14,56-66,1291
False,False,False,-0.25027712354090503,0.5564209864510711,-0.1562030995734478,22,,null,1,23,97,Isa.5.13,1-39,,,1291
False,True,True,1.6799122069320256,1.9689774197716157,1.9969484273534657,22,False,plant,1,24,479,Isa.26.4,1-39,Hab.1.15,,1292
True,True,True,3.959442538339192,1.9711279927360927,1.9883145456030995,23,,move,1,24,479,Isa.26.4,1-39,Isa.37.17,1-39,1291
False,True,False,3.1708181572195016,1.975160127965524,1.1956580292539776,22,,null,1,24,479,Isa.26.4,1-39,,,1291
False,False,False,1.8222548921713864,1.7038710132465607,1.7088403823907647,22,False,plant,1,25,970,Isa.48.11,40-55,Hab.1.17,,1292
False,True,False,2.133897830656637,1.9946575105150803,0.13924032014155663,22,,move,1,25,970,Isa.48.11,40-55,Isa.2.1,1-39,1291
False,False,False,1.322670672831344,1.2501663101311111,0.13732552246444255,22,,null,1,25,970,Isa.48.11,40-55,,,1291
True,True,True,3.9935207515189477,1.998979963264488,1.9945407882544597,23,False,plant,1,26,1019,Isa.51.1,40-55,Hab.3.14,,1292
False,False,True,3.7128803913134583,1.7459940844990085,1.982789473477379,22,,move,1,26,1019,Isa.51.1,40-55,Isa.40.1,40-55,1291
False,False,True,3.429326677657904,1.4959919676109936,1.9333347100469105,22,,null,1,26,1019,Isa.51.1,40-55,,,1291
True,True,True,3.9889142340848953,1.9892669017587201,1.9996473323261752,23,False,plant,1,27,77,Isa.3.25,1-39,Hab.1.13,,1292
False,True,False,1.738097380834762,1.914972265675397,1.6325087560891887,22,,move,1,27,77,Isa.3.25,1-39,Isa.49.11,40-55,1291
False,False,True,3.8463521727177348,1.846809962293465,1.9995422104242697,22,,null,1,27,77,Isa.3.25,1-39,,,1291
True,True,True,3.95890314185183,1.9598599784447528,1.9990431634070776,23,False,plant,1,28,681,Isa.36.6,1-39,Hab.2.7,,1292
False,False,False,0.9436005352010317,1.232280816703475,0.5058050762654167,22,,move,1,28,681,Isa.36.6,1-39,Isa.21.6,1-39,1291
False,False,False,0.5747995312328327,1.5370671621804035,0.5331868821281156,22,,null,1,28,681,Isa.36.6,1-39,,,1291
False,True,False,3.7700511947215842,1.974293411412685,1.7957577833088993,22,False,plant,1,29,713,Isa.37.16,1-39,Hab.2.2,,1292
True,True,True,3.99415640560821,1.9946198219946334,1.9995365836135766,23,,move,1,29,713,Isa.37.16,1-39,Isa.57.6,56-66,1291
False,False,True,1.1655663409947097,1.6169503317538365,1.9729839448315016,22,,null,1,29,713,Isa.37.16,1-39,,,1291
False,False,False,3.2897251545771744,1.4162346751666635,1.873490479410511,22,False,plant,1,30,672,Isa.35.7,1-39,Hab.3.3,,1292
False,False,False,3.3550122029897187,1.4654221308935953,1.8895900720961234,22,,move,1,30,672,Isa.35.7,1-39,Isa.60.16,56-66,1291
False,False,False,2.599871327034805,1.210298585642289,1.8371576523114324,22,,null,1,30,672,Isa.35.7,1-39,,,1291
False,False,False,1.577237203585556,0.6575491143764957,1.3639884389365886,22,False,plant,1,31,879,Isa.44.1,40-55,Hab.1.11,,1292
False,False,False,0.6682536711910738,0.639365106953398,0.07792128615347961,21,,move,1,31,879,Isa.44.1,40-55,Isa.49.2,40-55,1291
False,False,False,0.9186411020821411,0.800218912708217,0.1184221893739241,22,,null,1,31,879,Isa.44.1,40-55,,,1291
False,True,False,1.153643101899926,1.9890956821412278,1.188339465415184,22,False,plant,1,32,782,Isa.40.17,40-55,Hab.3.17,,1292
False,True,False,1.3430944983399673,1.9740465090921786,-0.49490924111135204,22,,move,1,32,782,Isa.40.17,40-55,Isa.3.2,1-39,1291
True,True,True,3.9426909724983705,1.994748439715265,1.998574727483791,22,,null,1,32,782,Isa.40.17,40-55,,,1291
False,True,False,2.4261816872088913,1.968144409493211,0.4580372777156802,22,False,plant,1,33,821,Isa.41.25,40-55,Hab.1.13,,1292
False,False,False,1.4250428623750306,1.792043783814074,0.18735416765779542,22,,move,1,33,821,Isa.41.25,40-55,Isa.10.1,1-39,1291
False,True,False,1.5046349425358345,1.9674853274992417,0.38241779121646363,22,,null,1,33,821,Isa.41.25,40-55,,,1291
False,True,False,3.880496521908271,1.985949243974063,1.894547277934208,21,False,plant,1,34,1063,Isa.53.7,40-55,Hab.3.2,,1292
False,True,False,2.96821404366404,1.9459133585671857,1.3983486913996244,21,,move,1,34,1063,Isa.53.7,40-55,Isa.40.25,40-55,1291
True,True,True,3.9659463092264864,1.9742302749691407,1.9917160342573457,22,,null,1,34,1063,Isa.53.7,40-55,,,1291
False,False,False,1.0224177728665862,-0.09363939989113292,1.2690186471739284,22,False,plant,1,35,538,Isa.28.29,1-39,Hab.2.7,,1292
False,False,False,-0.010910630524618013,0.29790039017055964,-0.05730057470908143,22,,move,1,35,538,Isa.28.29,1-39,Isa.37.10,1-39,1291
False,False,False,0.9695773740928659,0.008239759748616614,1.839358681536683,22,,null,1,35,538,Isa.28.29,1-39,,,1291
True,True,True,3.9700613821179305,1.9983680543248001,1.9716933277931306,22,False,plant,1,36,346,Isa.18.4,1-39,Hab.2.20,,1292
False,True,False,2.730495700370043,1.9833488020928718,1.5978518492862168,21,,move,1,36,346,Isa.18.4,1-39,Isa.42.17,40-55,1291
True,True,True,3.972269139239052,1.9941117547490013,1.9781573844900509,22,,null,1,36,346,Isa.18.4,1-39,,,1291
False,True,False,2.2953050254213743,1.9446274720120504,0.350677553409324,22,False,plant,1,37,1125,Isa.57.15,56-66,Hab.1.14,,1292
False,False,False,0.5617447761077473,1.0717606866372116,-0.5100159105294643,22,,move,1,37,1125,Isa.57.15,56-66,Isa.38.17,1-39,1291
False,False,False,2.399576006663491,1.7948945337544082,0.6046814729090825,22,,null,1,37,1125,Isa.57.15,56-66,,,1291
False,False,True,3.170479715811448,1.2212568097773744,1.9492229060340738,22,False,plant,1,38,612,Isa.32.8,1-39,Hab.2.11,,1292
False,False,True,2.925677508825678,0.9782201002497891,1.9474574085758887,22,,move,1,38,612,Isa.32.8,1-39,Isa.45.22,40-55,1291
False,True,True,3.175924260275824,1.9930788564965713,1.9434473028299353,22,,null,1,38,612,Isa.32.8,1-39,,,1291
False,False,True,1.2480182169204856,1.8380616266232994,1.989704070192028,22,False,plant,1,39,1208,Isa.62.9,56-66,Hab.2.8,,1292
False,True,True,1.6265667293081,1.9800857521690074,1.9997645611026575,22,,move,1,39,1208,Isa.62.9,56-66,Isa.43.11,40-55,1291
False,True,True,1.4935405406504991,1.977908739048043,1.9995175021263947,22,,null,1,39,1208,Isa.62.9,56-66,,,1291
False,False,False,3.534012356334247,1.8598130040821081,1.811117453980717,22,True,plant,3,0,1215,Isa.63.4,56-66,Hab.2.8,,1294
False,False,True,2.3959102513833734,1.531402927189376,1.9956336479607724,21,,move,3,0,1215,Isa.63.4,56-66,Isa.2.18,1-39,1291
False,False,True,2.6900143508101975,1.5286729333440408,1.982877823228433,22,,null,3,0,1215,Isa.63.4,56-66,,,1291
False,False,False,2.7181064915299658,1.5496644574859189,1.8983904267335343,22,False,plant,3,1,1100,Isa.56.2,56-66,Hab.1.6,,1294
False,False,False,2.486388253860651,1.7537161307413904,1.5643773117794404,22,,move,3,1,1100,Isa.56.2,56-66,Isa.45.12,40-55,1291
False,False,False,1.7150762921467,1.0820625774041481,1.2765372125713497,22,,null,3,1,1100,Isa.56.2,56-66,,,1291
False,True,False,3.1257274243410222,1.9911019233783867,1.1346255009626358,22,False,plant,3,2,169,Isa.8.17,1-39,Hab.3.7,,1294
False,True,True,3.608681917196722,1.999986597242104,1.996539867649471,22,,move,3,2,169,Isa.8.17,1-39,Isa.30.20,1-39,1291
False,True,False,3.61013263540978,1.9985449522905148,1.6115876831192655,22,,null,3,2,169,Isa.8.17,1-39,,,1291
False,False,False,3.274281680449884,1.701455923009688,1.5728257574401965,22,False,plant,3,3,809,Isa.41.13,40-55,Hab.3.7,,1294
False,False,False,1.32095296602692,1.4143218178800876,1.79338499480572,22,,move,3,3,809,Isa.41.13,40-55,Isa.8.18,1-39,1291
False,True,False,3.5926072420256334,1.9836666294551502,1.6089406125704833,22,,null,3,3,809,Isa.41.13,40-55,,,1291
False,False,True,3.7257129018723316,1.7821007753568932,1.9888919461276346,22,False,plant,3,4,183,Isa.9.8,1-39,Hab.1.17,,1294
False,False,False,3.6854557469576563,1.8606877501838097,1.8247679967738466,23,,move,3,4,183,Isa.9.8,1-39,Isa.61.3,56-66,1291
False,False,True,3.6909790571871275,1.743327862104597,1.9476511950825304,22,,null,3,4,183,Isa.9.8,1-39,,,1291
False,False,True,3.8285514371539473,1.8594817198827982,1.969069717271149,22,False,plant,3,5,415,Isa.22.18,1-39,Hab.3.16,,1294
False,False,True,2.687327671923338,1.2623834559536666,1.998064542999033,22,,move,3,5,415,Isa.22.18,1-39,Isa.29.13,1-39,1291
False,False,True,3.8433897247302973,1.8454412479058993,1.997948476824398,22,,null,3,5,415,Isa.22.18,1-39,,,1291
False,False,True,3.076961435567883,1.1275050282052423,1.9494564073626406,22,False,plant,3,6,400,Isa.22.3,1-39,Hab.3.3,,1294
False,False,True,2.3632379681780584,1.5794855882890295,1.9931102049020943,22,,move,3,6,400,Isa.22.3,1-39,Isa.43.27,40-55,1291
True,True,True,3.9649886061341357,1.9737877662419738,1.991200839892162,22,,null,3,6,400,Isa.22.3,1-39,,,1291
False,False,False,3.597188599685791,1.7885298074050688,1.8086587922807218,22,False,plant,3,7,384,Isa.21.4,1-39,Hab.1.4,,1294
False,False,False,3.595438999596565,1.7860111777709629,1.8094278218256024,22,,move,3,7,384,Isa.21.4,1-39,Isa.36.8,1-39,1291
False,False,False,3.4246626128925186,1.6132847343730936,1.8113778785194248,22,,null,3,7,384,Isa.21.4,1-39,,,1291
False,True,False,2.3602556622493696,1.9652630885173994,1.7230827365322248,22,False,plant,3,8,1179,Isa.60.13,56-66,Hab.1.9,,1294
False,False,True,2.756117617536076,1.4875228482513092,1.9944555580160153,22,,move,3,8,1179,Isa.60.13,56-66,Isa.29.8,1-39,1291
False,False,False,2.4740226327127353,1.3850485249772855,1.3196142174807401,22,,null,3,8,1179,Isa.60.13,56-66,,,1291
False,True,False,3.7410977541427926,1.97832134113852,1.8732889562951398,22,False,plant,3,9,295,Isa.14.22,1-39,Hab.3.6,,1294
False,True,True,2.243384537989537,1.995760650257438,1.9005785885903796,22,,move,3,9,295,Isa.14.22,1-39,Isa.61.7,56-66,1291
False,True,False,2.0871126378096174,1.9552976559319915,1.7778276417324894,22,,null,3,9,295,Isa.14.22,1-39,,,1291
True,True,True,3.907172145754969,1.951147138626784,1.9560250071281853,23,False,plant,3,10,923,Isa.45.17,40-55,Hab.2.13,,1294
False,False,True,3.832193655718619,1.873146248433378,1.9590474072852408,22,,move,3,10,923,Isa.45.17,40-55,Isa.56.6,56-66,1291
False,False,False,3.7095118846535735,1.886123558529304,1.8233883261242696,22,,null,3,10,923,Isa.45.17,40-55,,,1291
False,False,True,2.9848530382199563,1.2229548605527685,1.9985615240326318,22,False,plant,3,11,374,Isa.19.25,1-39,Hab.1.4,,1294
False,False,False,2.264474264845099,1.893312627011539,1.792680031075025,22,,move,3,11,374,Isa.19.25,1-39,Isa.50.6,40-55,1291
False,False,True,2.304172357868867,0.30608841969349143,1.9980839381753754,22,,null,3,11,374,Isa.19.25,1-39,,,1291
False,True,False,3.4528769948440106,1.9869078060319356,1.465969188812075,22,False,plant,3,12,439,Isa.23.17,1-39,Hab.2.15,,1294
False,False,True,2.7355582197394335,1.5549680409701354,1.996016873050593,22,,move,3,12,439,Isa.23.17,1-39,Isa.33.4,1-39,1291
False,True,False,3.691429192742378,1.97321520478589,1.7182139879564882,22,,null,3,12,439,Isa.23.17,1-39,,,1291
False,False,False,1.8945967495775806,1.6189071701399194,1.3925004020085399,22,False,plant,3,13,944,Isa.46.13,40-55,Hab.1.6,,1294
False,False,True,1.5303053396410757,1.8747916184382216,1.938645540740065,22,,move,3,13,944,Isa.46.13,40-55,Isa.42.6,40-55,1291
False,False,True,1.6718042205652992,1.878051167033496,1.9338333196424666,22,,null,3,13,944,Isa.46.13,40-55,,,1291
True,True,True,3.906046733024083,1.9829583684740708,1.9230883645500123,22,False,plant,3,14,721,Isa.37.24,1-39,Hab.1.15,,1294
True,True,True,3.927488562709935,1.9637737410977354,1.9637148216121993,22,,move,3,14,721,Isa.37.24,1-39,Isa.5.7,1-39,1291
True,True,True,3.9419072215501174,1.9774397747561936,1.9723443176693405,22,,null,3,14,721,Isa.37.24,1-39,,,1291
False,False,False,1.820389554436167,1.5146129402431527,1.8489321676285866,22,False,plant,3,15,595,Isa.30.33,1-39,Hab.1.7,,1294
False,False,True,3.6799414585253114,1.8759130357014806,1.9496585318506725,21,,move,3,15,595,Isa.30.33,1-39,Isa.38.8,1-39,1291
False,False,False,2.710174487339305,1.1165447852579171,1.5936297020813883,22,,null,3,15,595,Isa.30.33,1-39,,,1291
False,True,False,2.4516914376993504,1.9609301675863224,1.2874452295934469,22,False,plant,3,16,1118,Isa.57.8,56-66,Hab.3.10,,1294
False,False,False,3.51138948720307,1.8830005553116935,1.7332253177873291,23,,move,3,16,1118,Isa.57.8,56-66,Isa.25.9,1-39,1291
False,True,False,3.6616920305156064,1.9325298551744103,1.7291621753411963,22,,null,3,16,1118,Isa.57.8,56-66,,,1291
True,True,True,3.967846121740429,1.9768163868143787,1.9910297349260502,22,True,plant,3,17,740,Isa.38.5,1-39,Hab.2.9,,1294
False,True,False,3.4400915330569317,1.9359421190633903,1.5041494139935412,21,,move,3,17,740,Isa.38.5,1-39,Isa.26.5,1-39,1291
True,True,True,3.9233831631663776,1.9417344123045017,1.9816487508618756,22,,null,3,17,740,Isa.38.5,1-39,,,1291
False,False,True,2.3659513946052555,1.8186648045468852,1.9899898181262274,22,False,plant,3,18,1035,Isa.51.17,40-55,Hab.1.5,,1294
False,True,False,2.6773115684469646,1.9686759160353666,1.7599067549440415,22,,move,3,18,1035,Isa.51.17,40-55,Isa.10.17,1-39,1291
False,True,False,1.123760083165049,1.9933790456650833,1.7467747977430559,22,,null,3,18,1035,Isa.51.17,40-55,,,1291
False,False,False,2.355879686060814,1.4499673781357063,1.219989964148805,22,False,plant,3,19,1164,Isa.59.19,56-66,Hab.2.1,,1294
False,False,False,2.0020391036897918,1.4011816660134777,1.239027151381,21,,move,3,19,1164,Isa.59.19,56-66,Isa.38.8,1-39,1291
False,False,False,1.7933340294490367,1.2543041641551727,0.6161771516401695,22,,null,3,19,1164,Isa.59.19,56-66,,,1291
False,True,True,3.845061040694201,1.9992151732990422,1.972386365171339,22,True,plant,3,20,250,Isa.12.5,1-39,Hab.3.1,,1294
False,False,True,2.083216667198447,1.8666042016529472,1.948021328835774,22,,move,3,20,250,Isa.12.5,1-39,Isa.34.3,1-39,1291
False,False,True,2.817076447271582,1.0239240335444468,1.9999613214020744,22,,null,3,20,250,Isa.12.5,1-39,,,1291
False,True,False,1.8332585367664267,1.9260809534211087,1.8127225658130393,22,False,plant,3,21,497,Isa.27.1,1-39,Hab.3.8,,1294
False,False,True,2.0583984462006417,1.2775540282357227,1.9972281214096297,22,,move,3,21,497,Isa.27.1,1-39,Isa.13.4,1-39,1291
False,True,False,3.8120910847646967,1.9893455143450176,1.822745570419679,22,,null,3,21,497,Isa.27.1,1-39,,,1291
False,False,True,2.3835114990678856,1.6722050955335626,1.973628258389103,22,False,plant,3,22,681,Isa.36.6,1-39,Hab.3.10,,1294
False,False,False,3.619724362728761,1.765334654913666,1.854389707815095,22,,move,3,22,681,Isa.36.6,1-39,Isa.18.7,1-39,1291
False,False,False,2.531978440378396,1.5370671621804035,1.702404371120035,22,,null,3,22,681,Isa.36.6,1-39,,,1291
True,True,True,3.9231623865832184,1.9995312136932217,1.9236311728899966,22,False,plant,3,23,404,Isa.22.7,1-39,Hab.1.14,,1294
True,True,True,3.999042146682882,1.9991574161643864,1.9998847305184955,22,,move,3,23,404,Isa.22.7,1-39,Isa.51.2,40-55,1291
True,True,True,3.9649886061341357,1.9737877662419738,1.991200839892162,22,,null,3,23,404,Isa.22.7,1-39,,,1291
False,False,True,3.042655725418583,1.1962572095488953,1.9549684029454388,22,False,plant,3,24,1110,Isa.56.12,56-66,Hab.3.12,,1294
False,True,False,2.051115980123502,1.9948859359586415,1.7678220427198543,22,,move,3,24,1110,Isa.56.12,56-66,Isa.48.7,40-55,1291
False,True,False,3.768329457852482,1.9672037394146311,1.801125718437851,22,,null,3,24,1110,Isa.56.12,56-66,,,1291
False,False,True,3.4692599240394997,1.4863083019316714,1.9829516221078283,22,False,plant,3,25,451,Isa.24.11,1-39,Hab.2.14,,1294
False,False,True,3.7136278137578524,1.7532601120047033,1.9603677017531491,21,,move,3,25,451,Isa.24.11,1-39,Isa.40.20,40-55,1291
False,False,False,2.957864622054196,1.235363794061531,1.722500827992665,22,,null,3,25,451,Isa.24.11,1-39,,,1291
False,True,False,3.0417158278346443,1.9274554946433973,1.2387879474526688,22,False,plant,3,26,475,Isa.25.12,1-39,Hab.3.3,,1294
True,True,True,3.940051116078819,1.9412475948149202,1.998803521263899,23,,move,3,26,475,Isa.25.12,1-39,Isa.37.8,1-39,1291
False,True,False,3.1708181572195016,1.975160127965524,1.1956580292539776,22,,null,3,26,475,Isa.25.12,1-39,,,1291
False,False,False,2.057403180213673,1.6864261948010204,1.8960077005721494,22,False,plant,3,27,1142,Isa.58.11,56-66,Hab.2.5,,1294
False,True,True,1.5343769578943314,1.9945839298191124,1.9956123951675866,22,,move,3,27,1142,Isa.58.11,56-66,Isa.36.2,1-39,1291
False,True,False,1.1931606386237887,1.9944832443308937,1.539325952213159,22,,null,3,27,1142,Isa.58.11,56-66,,,1291
False,False,True,1.647693968240607,1.1333674471607265,1.9763437874730436,22,False,plant,3,28,397,Isa.21.17,1-39,Hab.1.1,,1294
False,False,True,3.8266737431584454,1.8272599745075908,1.9994137686508546,22,,move,3,28,397,Isa.21.17,1-39,Isa.14.10,1-39,1291
False,False,False,2.2031611520119663,1.3148476923624082,1.6604056867421177,22,,null,3,28,397,Isa.21.17,1-39,,,1291
True,True,True,3.87541925197207,1.9420574650822438,1.9451052381781306,23,False,plant,3,29,575,Isa.30.13,1-39,Hab.3.6,,1294
False,False,True,3.68640869672101,1.7312956471221268,1.994025975899052,22,,move,3,29,575,Isa.30.13,1-39,Isa.52.6,40-55,1291
False,False,True,3.8934391765648932,1.8969490793301644,1.996490097234729,22,,null,3,29,575,Isa.30.13,1-39,,,1291
False,False,True,2.3835114990678856,1.6722050955335626,1.973628258389103,22,False,plant,3,30,681,Isa.36.6,1-39,Hab.3.10,,1294
False,True,False,1.9101038309720153,1.9005772094692581,1.730613629239167,22,,move,3,30,681,Isa.36.6,1-39,Isa.18.2,1-39,1291
False,False,False,2.531978440378396,1.5370671621804035,1.702404371120035,22,,null,3,30,681,Isa.36.6,1-39,,,1291
False,False,True,3.80687123326701,1.8273822082299733,1.9794890250370365,22,False,plant,3,31,1168,Isa.60.2,56-66,Hab.3.3,,1294
False,False,False,3.0360394958062216,1.8355565621223475,1.248186248457421,22,,move,3,31,1168,Isa.60.2,56-66,Isa.8.6,1-39,1291
False,False,False,2.136171168483647,1.8037976370388162,0.3323735314448308,22,,null,3,31,1168,Isa.60.2,56-66,,,1291
False,False,True,3.866885041839504,1.8673112719312255,1.999573769908279,22,False,plant,3,32,512,Isa.28.3,1-39,Hab.2.7,,1294
True,True,True,3.9089022640783395,1.9106738933207135,1.998228370757626,23,,move,3,32,512,Isa.28.3,1-39,Isa.62.1,56-66,1291
False,True,True,2.5390144946139346,1.9798345925829692,1.9863992316250316,22,,null,3,32,512,Isa.28.3,1-39,,,1291
False,False,True,2.092431026919899,1.577042885024571,1.9019194799277233,22,False,plant,3,33,951,Isa.47.7,40-55,Hab.1.6,,1294
False,False,False,0.5167590446018476,0.4979725744054461,0.5442675867030073,22,,move,3,33,951,Isa.47.7,40-55,Isa.27.11,1-39,1291
False,True,False,3.6944329644460736,1.9110915832335142,1.7833413812125594,22,,null,3,33,951,Isa.47.7,40-55,,,1291
False,False,True,2.6879594845451256,1.654931610715009,1.9944451827787502,22,False,plant,3,34,809,Isa.41.13,40-55,Hab.1.13,,1294
False,True,False,1.9257733598889102,1.9826814976308176,-0.05690813774190741,22,,move,3,34,809,Isa.41.13,40-55,Isa.36.3,1-39,1291
False,True,False,3.5926072420256334,1.9836666294551502,1.6089406125704833,22,,null,3,34,809,Isa.41.13,40-55,,,1291
False,False,False,3.6866299184443445,1.7972670316460653,1.8893628867982795,22,False,plant,3,35,435,Isa.23.13,1-39,Hab.3.4,,1294
False,False,False,3.474648533220992,1.7410772597871738,1.7335712734338182,22,,move,3,35,435,Isa.23.13,1-39,Isa.36.12,1-39,1291
False,False,False,3.13401722078499,1.4945554339197826,1.7169701176597727,22,,null,3,35,435,Isa.23.13,1-39,,,1291
False,False,False,3.2881857870665416,1.7434888799536954,1.8955096150040123,22,False,plant,3,36,988,Isa.49.7,40-55,Hab.1.16,,1294
False,False,False,1.4460643022677973,1.8233802501299001,-0.3079717322316254,22,,move,3,36,988,Isa.49.7,40-55,Isa.11.5,1-39,1291
False,True,False,3.8000435535371535,1.9906255609175147,1.8094179926196388,22,,null,3,36,988,Isa.49.7,40-55,,,1291
False,True,False,3.615197085258194,1.9783903021420972,1.6766134970125137,22,False,plant,3,37,385,Isa.21.5,1-39,Hab.2.15,,1294
False,False,False,1.3174446547272822,1.5017401243380586,1.7663562375590767,22,,move,3,37,385,Isa.21.5,1-39,Isa.9.1,1-39,1291
False,False,False,3.4246626128925186,1.6132847343730936,1.8113778785194248,22,,null,3,37,385,Isa.21.5,1-39,,,1291
False,False,True,3.22830365622858,1.2584279634330917,1.9698756927954881,22,False,plant,3,38,599,Isa.31.4,1-39,Hab.3.11,,1294
False,False,True,2.9437172343373357,1.1535403950700422,1.9748164490727629,22,,move,3,38,599,Isa.31.4,1-39,Isa.37.21,1-39,1291
False,False,False,3.257778698742827,1.8905426497198774,1.3672360490229498,22,,null,3,38,599,Isa.31.4,1-39,,,1291
False,False,False,1.5836253976553807,1.2173031708573434,1.713869122591402,22,False,plant,3,39,758,Isa.39.1,1-39,Hab.1.7,,1294
False,True,False,3.6145875665256173,1.9644398980213438,1.6501476685042735,22,,move,3,39,758,Isa.39.1,1-39,Isa.10.22,1-39,1291
False,False,False,1.1263872840312013,1.3509997338282418,0.17773452964965858,22,,null,3,39,758,Isa.39.1,1-39,,,1291
False,False,False,1.9956065228826474,1.8545867305173966,1.7179115512283685,22,False,plant,6,0,817,Isa.41.21,40-55,Hab.1.8,,1297
False,True,False,2.981091173449955,1.9463927706108004,1.0346984028391544,22,,move,6,0,817,Isa.41.21,40-55,Isa.34.7,1-39,1291
False,False,False,1.4266557451315791,1.680835774901897,0.5594299576900771,22,,null,6,0,817,Isa.41.21,40-55,,,1291
False,False,True,2.931407122787095,1.0185748435116644,1.9128322792754304,22,False,plant,6,1,575,Isa.30.13,1-39,Hab.1.10,,1297
False,False,True,3.8855370639428584,1.8909369549712798,1.9946001089715784,22,,move,6,1,575,Isa.30.13,1-39,Isa.36.20,1-39,1291
False,False,True,3.8934391765648932,1.8969490793301644,1.996490097234729,22,,null,6,1,575,Isa.30.13,1-39,,,1291
False,False,False,-0.12469762631409131,0.4189846291364683,-0.46694603051684197,22,False,plant,6,2,803,Isa.41.7,40-55,Hab.2.3,,1297
False,False,True,3.669179069411247,1.6838301104644386,1.9853489589468087,22,,move,6,2,803,Isa.41.7,40-55,Isa.48.20,40-55,1291
False,False,False,0.8955296897062979,1.480751118009748,-0.5022115581363517,22,,null,6,2,803,Isa.41.7,40-55,,,1291
False,False,False,0.46172909816769103,1.0282026743482784,-0.16196340993160943,22,False,plant,6,3,598,Isa.31.3,1-39,Hab.1.5,,1297
False,False,True,2.3805948003675805,1.8001552633543618,1.9864516439717388,22,,move,6,3,598,Isa.31.3,1-39,Isa.42.14,40-55,1291
False,False,False,2.3358413221682475,1.8532670664184236,1.3385575387035538,22,,null,6,3,598,Isa.31.3,1-39,,,1291
False,True,False,3.2703328233272204,1.9377172131930525,1.5846484216153407,22,False,plant,6,4,176,Isa.9.1,1-39,Hab.2.15,,1297
False,False,False,1.3056546891900669,1.7635316693349459,1.5800663064387106,22,,move,6,4,176,Isa.9.1,1-39,Isa.30.22,1-39,1291
False,True,False,1.0429842963733122,1.9135399061853906,1.5877247136974946,22,,null,6,4,176,Isa.9.1,1-39,,,1291
False,False,False,2.0800287203455494,1.1017275644006668,1.4190694517886095,23,True,plant,6,5,423,Isa.23.1,1-39,Hab.2.19,,1297
False,True,False,3.4078745974688296,1.9058290886325655,1.8944115120668263,22,,move,6,5,423,Isa.23.1,1-39,Isa.51.10,40-55,1291
False,False,True,3.465706610963037,1.4882368583359835,1.9983081072309037,22,,null,6,5,423,Isa.23.1,1-39,,,1291
False,False,True,2.8920712673285895,1.3823773009352167,1.9882489048762502,22,True,plant,6,6,179,Isa.9.4,1-39,Hab.3.1,,1297
False,False,True,3.3636685738588343,1.4388155238425306,1.9961958647271874,22,,move,6,6,179,Isa.9.4,1-39,Isa.28.25,1-39,1291
False,True,True,3.6909790571871275,1.9558911882893537,1.9476511950825304,22,,null,6,6,179,Isa.9.4,1-39,,,1291
False,False,False,1.2329565807357574,1.856395923190248,-0.22093218241634024,22,False,plant,6,7,597,Isa.31.2,1-39,Hab.3.10,,1297
False,False,False,1.8511595970663608,1.2871829573588285,0.5639766397075323,22,,move,6,7,597,Isa.31.2,1-39,Isa.44.24,40-55,1291
False,False,False,2.3358413221682475,0.9972837834646937,1.3385575387035538,22,,null,6,7,597,Isa.31.2,1-39,,,1291
False,False,False,1.9008281662189312,1.4860343199148558,0.41479384630407545,22,False,plant,6,8,855,Isa.43.5,40-55,Hab.2.4,,1297
False,False,False,2.2293121068087562,1.8027382019075295,0.4265739049012269,21,,move,6,8,855,Isa.43.5,40-55,Isa.37.32,1-39,1291
False,False,False,0.8197729996790482,1.0769314313121525,-0.25715843163310437,22,,null,6,8,855,Isa.43.5,40-55,,,1291
False,True,False,3.6042996203797264,1.963359333685336,1.7195376564713325,22,False,plant,6,9,440,Isa.23.18,1-39,Hab.2.15,,1297
False,True,False,3.6835842080040706,1.9622454460013787,1.721338762002692,22,,move,6,9,440,Isa.23.18,1-39,Isa.41.11,40-55,1291
False,True,True,3.744867821483566,1.97321520478589,1.9992150822689105,22,,null,6,9,440,Isa.23.18,1-39,,,1291
False,True,True,3.4357181084712938,1.9946284097632383,1.9968098465474922,22,False,plant,6,10,83,Isa.4.5,1-39,Hab.2.14,,1297
True,True,True,3.957833720506717,1.9919348017745415,1.9974104021678218,23,,move,6,10,83,Isa.4.5,1-39,Isa.25.5,1-39,1291
False,False,True,2.494361479296055,1.7341777509097052,1.9969063475709374,22,,null,6,10,83,Isa.4.5,1-39,,,1291
False,False,False,1.7323327127540729,1.892190179424911,0.3817279893268731,22,False,plant,6,11,569,Isa.30.7,1-39,Hab.1.12,,1297
True,True,True,3.928812121552662,1.953381040147722,1.97543108140494,22,,move,6,11,569,Isa.30.7,1-39,Isa.5.16,1-39,1291
False,False,True,3.8934391765648932,1.8969490793301644,1.996490097234729,22,,null,6,11,569,Isa.30.7,1-39,,,1291
False,False,True,3.6985590676955797,1.7174659069384866,1.9875847832972506,22,False,plant,6,12,718,Isa.37.21,1-39,Hab.1.17,,1297
False,True,False,2.718678316979528,1.9485827569319718,0.8134853382216692,22,,move,6,12,718,Isa.37.21,1-39,Isa.14.19,1-39,1291
False,False,True,2.4731477964776962,0.5008034788083555,1.9723443176693405,22,,null,6,12,718,Isa.37.21,1-39,,,1291
False,False,True,2.6443619091391537,1.444932340200239,1.900155136110564,23,True,plant,6,13,1201,Isa.62.2,56-66,Hab.2.17,,1297
False,False,True,2.421471321417408,1.8778938870979738,1.9988223919501407,22,,move,6,13,1201,Isa.62.2,56-66,Isa.5.4,1-39,1291
False,False,True,1.4935405406504991,1.7341159907411428,1.9995175021263947,22,,null,6,13,1201,Isa.62.2,56-66,,,1291
False,False,True,3.5686477362586686,1.6157939992299382,1.9528537370287307,23,True,plant,6,14,1158,Isa.59.13,56-66,Hab.2.8,,1297
False,False,True,3.6425905538216323,1.6671382339638063,1.975452319857826,22,,move,6,14,1158,Isa.59.13,56-66,Isa.35.10,1-39,1291
False,False,False,1.7933340294490367,1.2543041641551727,0.6161771516401695,22,,null,6,14,1158,Isa.59.13,56-66,,,1291
False,False,True,2.7128586703239455,1.37013817054714,1.9878520981543788,22,False,plant,6,15,945,Isa.47.1,40-55,Hab.3.13,,1297
False,False,True,3.199788270282706,1.2479934184234405,1.9822062789952464,22,,move,6,15,945,Isa.47.1,40-55,Isa.30.10,1-39,1291
False,False,True,1.6718042205652992,1.6473933812443025,1.9338333196424666,22,,null,6,15,945,Isa.47.1,40-55,,,1291
False,False,False,3.085325030918072,1.6189884290618768,1.8586142361981617,22,False,plant,6,16,1193,Isa.61.5,56-66,Hab.1.3,,1297
True,True,True,3.9498210107830958,1.9506957170495327,1.999125293733563,22,,move,6,16,1193,Isa.61.5,56-66,Isa.2.12,1-39,1291
False,True,False,3.110976683344309,1.9506503472785954,1.338914107333167,22,,null,6,16,1193,Isa.61.5,56-66,,,1291
False,False,True,1.6617546353098878,1.7011208974820242,1.9555226263707697,22,False,plant,6,17,843,Isa.42.18,40-55,Hab.3.8,,1297
False,False,True,1.6758844111246425,1.677896273277442,1.9497549279753734,22,,move,6,17,843,Isa.42.18,40-55,Isa.2.6,1-39,1291
False,False,True,3.849568906850236,1.8799763708461925,1.9695925360040434,22,,null,6,17,843,Isa.42.18,40-55,,,1291
False,False,True,3.687299870662204,1.6919661361519565,1.9953337345102473,22,True,plant,6,18,45,Isa.2.15,1-39,Hab.2.5,,1297
False,True,True,2.857159610433404,1.9894029549173262,1.9999908761013097,22,,move,6,18,45,Isa.2.15,1-39,Isa.47.13,40-55,1291
False,False,True,1.1206549270855097,1.6259226259111939,1.980281116078919,22,,null,6,18,45,Isa.2.15,1-39,,,1291
False,False,True,2.470373214957664,1.6181961317933666,1.9934071323289566,22,True,plant,6,19,732,Isa.37.35,1-39,Hab.2.6,,1297
False,False,False,1.7416822443657887,1.3400076267343088,0.4016746176314799,21,,move,6,19,732,Isa.37.35,1-39,Isa.2.8,1-39,1291
False,False,False,1.3247947445646029,0.5557103799185189,1.8255648489961909,22,,null,6,19,732,Isa.37.35,1-39,,,1291
False,True,False,1.1716679027832488,1.9444270243998707,-0.0845744022535825,22,False,plant,6,20,966,Isa.48.7,40-55,Hab.1.13,,1297
False,True,False,1.6276327565622664,1.951284490894107,0.4348348531374585,20,,move,6,20,966,Isa.48.7,40-55,Isa.37.36,1-39,1291
False,False,False,0.8203332002270483,1.2501663101311111,1.117848202961907,22,,null,6,20,966,Isa.48.7,40-55,,,1291
False,False,False,2.6685743201864716,0.8514029636406858,1.8171713565457859,21,True,plant,6,21,884,Isa.44.6,40-55,Hab.2.7,,1297
False,True,False,2.2287681850699577,1.9748269096871651,1.8671309085673118,21,,move,6,21,884,Isa.44.6,40-55,Isa.32.9,1-39,1291
False,False,True,3.1430936175379856,1.1787240483676396,1.9643695691703458,22,,null,6,21,884,Isa.44.6,40-55,,,1291
False,False,True,1.1937518486761767,1.1492489391627023,1.9959430453884266,22,True,plant,6,22,221,Isa.10.26,1-39,Hab.2.6,,1297
True,True,True,3.993663866036214,1.9986963127075348,1.9949675533286795,23,,move,6,22,221,Isa.10.26,1-39,Isa.60.20,56-66,1291
False,False,True,3.5157294576368323,1.6471511662784777,1.999899018066134,22,,null,6,22,221,Isa.10.26,1-39,,,1291
True,True,True,3.976057433319242,1.9926153155324189,1.9834421177868233,23,True,plant,6,23,776,Isa.40.11,40-55,Hab.2.10,,1297
False,True,True,3.8487830223383335,1.9654546933971362,1.9844575284869774,22,,move,6,23,776,Isa.40.11,40-55,Isa.54.2,40-55,1291
False,True,True,3.385617578688876,1.994748439715265,1.9995455673634104,22,,null,6,23,776,Isa.40.11,40-55,,,1291
False,False,True,1.6703667969696172,1.614191480923405,1.9285034976892277,22,False,plant,6,24,1124,Isa.57.14,56-66,Hab.2.12,,1297
False,False,True,3.3891118167050207,1.501751800396385,1.9933758068862681,22,,move,6,24,1124,Isa.57.14,56-66,Isa.45.21,40-55,1291
False,False,True,3.411942473658971,1.8421976642796507,1.99444458470036,22,,null,6,24,1124,Isa.57.14,56-66,,,1291
False,False,False,1.527485295632547,0.5267711778149411,1.7034848382530878,22,False,plant,6,25,719,Isa.37.22,1-39,Hab.1.6,,1297
False,False,False,-0.23733647456078338,0.38935668974336385,-0.5499497489845778,22,,move,6,25,719,Isa.37.22,1-39,Isa.7.21,1-39,1291
False,False,True,2.4731477964776962,0.5008034788083555,1.9723443176693405,22,,null,6,25,719,Isa.37.22,1-39,,,1291
False,True,True,2.994938499241178,1.993996519047918,1.9870870015174653,22,False,plant,6,26,333,Isa.17.5,1-39,Hab.2.15,,1297
False,False,False,2.4059183546479463,1.5220116770811272,1.8851598340491549,22,,move,6,26,333,Isa.17.5,1-39,Isa.45.12,40-55,1291
False,False,False,2.3191890273696916,1.2976149682323583,1.7023116004923404,22,,null,6,26,333,Isa.17.5,1-39,,,1291
False,False,True,3.773611011079203,1.8165838038464996,1.9570272072327035,22,True,plant,6,27,660,Isa.34.12,1-39,Hab.2.20,,1297
False,False,False,3.3974576743043787,1.7546746532702557,1.7505586730026126,22,,move,6,27,660,Isa.34.12,1-39,Isa.9.20,1-39,1291
False,False,True,2.796017395330139,1.5854708588539734,1.9604853776252267,22,,null,6,27,660,Isa.34.12,1-39,,,1291
False,False,True,3.8242008508551955,1.8276178532775689,1.9965829975776264,23,True,plant,6,28,794,Isa.40.29,40-55,Hab.2.6,,1297
True,True,True,3.8966049223569437,1.9012877894528357,1.9953171329041082,23,,move,6,28,794,Isa.40.29,40-55,Isa.19.13,1-39,1291
False,False,True,3.8144670741638955,1.819203399970344,1.9952636741935514,22,,null,6,28,794,Isa.40.29,40-55,,,1291
False,False,True,2.3740517253043065,1.5375186825971234,1.9942206318916798,22,False,plant,6,29,388,Isa.21.8,1-39,Hab.1.10,,1297
True,True,True,3.9037522183914626,1.9979119287816245,1.905840289609838,23,,move,6,29,388,Isa.21.8,1-39,Isa.32.5,1-39,1291
False,False,True,3.7623783317671444,1.828346207583297,1.9340321241838472,22,,null,6,29,388,Isa.21.8,1-39,,,1291
False,False,True,2.8465262414039363,0.8549471946201742,1.991579046783762,22,False,plant,6,30,246,Isa.12.1,1-39,Hab.3.2,,1297
False,False,False,0.869715736745261,1.3693281741449004,-0.2399130049593274,22,,move,6,30,246,Isa.12.1,1-39,Isa.46.11,40-55,1291
False,False,False,0.540779558111615,0.9364467653799684,-0.20381212337524102,22,,null,6,30,246,Isa.12.1,1-39,,,1291
False,False,True,3.0719167709478548,1.0911074355756039,1.9808093353722511,22,False,plant,6,31,380,Isa.20.6,1-39,Hab.3.4,,1297
True,True,True,3.9847929985750823,1.9850816624229435,1.9997113361521388,23,,move,6,31,380,Isa.20.6,1-39,Isa.5.24,1-39,1291
False,False,True,3.6004341862270373,1.6179320176650076,1.9825021685620297,22,,null,6,31,380,Isa.20.6,1-39,,,1291
False,False,False,1.3366939826296553,-0.34856548797761866,1.6852594706072739,22,False,plant,6,32,1174,Isa.60.8,56-66,Hab.3.8,,1297
False,True,False,2.7743687779731583,1.9714710105423123,1.8182025041812826,21,,move,6,32,1174,Isa.60.8,56-66,Isa.37.31,1-39,1291
False,False,False,2.4740226327127353,1.3850485249772855,1.7474390065783592,22,,null,6,32,1174,Isa.60.8,56-66,,,1291
False,False,True,1.9410131904687105,0.7916850083088596,1.9958115782653594,23,True,plant,6,33,941,Isa.46.10,40-55,Hab.2.6,,1297
False,False,False,2.853609781907914,1.7605096244263196,1.0931001574815942,22,,move,6,33,941,Isa.46.10,40-55,Isa.30.18,1-39,1291
False,False,False,1.6718042205652992,1.6473933812443025,0.024410839320996823,22,,null,6,33,941,Isa.46.10,40-55,,,1291
False,True,False,1.3711986886656016,1.9861535352824702,1.7512733245173717,22,False,plant,6,34,1048,Isa.52.7,40-55,Hab.1.14,,1297
True,True,True,3.9016173531180964,1.964125580021841,1.9374917730962553,24,,move,6,34,1048,Isa.52.7,40-55,Isa.40.5,40-55,1291
False,False,False,1.5636014139524432,1.3400425263742375,1.4750884093509118,22,,null,6,34,1048,Isa.52.7,40-55,,,1291
False,True,True,3.0655186133573613,1.9197764418146317,1.9944499927583395,22,False,plant,6,35,678,Isa.36.3,1-39,Hab.2.2,,1297
False,True,False,1.419081857498248,1.9233841345725438,1.4520501618889368,22,,move,6,35,678,Isa.36.3,1-39,Isa.65.2,56-66,1291
False,False,False,2.531978440378396,1.7027138747345467,1.702404371120035,22,,null,6,35,678,Isa.36.3,1-39,,,1291
True,True,True,3.998258626299052,1.998925119410546,1.999333506888506,23,True,plant,6,36,744,Isa.38.9,1-39,Hab.2.20,,1297
False,True,False,3.1063620897948523,1.9431758182636698,1.1631862715311827,21,,move,6,36,744,Isa.38.9,1-39,Isa.63.7,56-66,1291
False,False,False,2.488926418861796,1.3280550917882217,1.199648504207188,22,,null,6,36,744,Isa.38.9,1-39,,,1291
False,False,True,3.724175270469548,1.7966556963729898,1.9275195740965578,22,False,plant,6,37,540,Isa.29.2,1-39,Hab.3.9,,1297
False,False,True,2.9203988116070243,0.9325673541970118,1.996321113914804,22,,move,6,37,540,Isa.29.2,1-39,Isa.59.18,56-66,1291
False,False,True,2.312933500731325,1.4566810676207287,1.9766566291984855,22,,null,6,37,540,Isa.29.2,1-39,,,1291
False,False,False,2.188732624781797,1.8907896996612699,0.35148799872980174,22,False,plant,6,38,1178,Isa.60.12,56-66,Hab.1.13,,1297
False,False,False,1.0522777866839874,0.6616145969425419,0.8587559583751182,22,,move,6,38,1178,Isa.60.12,56-66,Isa.43.15,40-55,1291
False,False,False,2.4740226327127353,1.3850485249772855,1.0889741077354496,22,,null,6,38,1178,Isa.60.12,56-66,,,1291
True,True,True,3.972266780381543,1.981763953744133,1.9905028266374099,22,False,plant,6,39,403,Isa.22.6,1-39,Hab.1.17,,1297
True,True,True,3.9881043064534687,1.9977331828385598,1.9903711236149086,22,,move,6,39,403,Isa.22.6,1-39,Isa.61.11,56-66,1291
True,True,True,3.9649886061341357,1.9737877662419738,1.991200839892162,22,,null,6,39,403,Isa.22.6,1-39,,,1291
False,False,False,2.3109573110048798,1.7842073617666527,1.610190080553578,23,True,plant,12,0,793,Isa.40.28,40-55,Hab.2.12,,1303
False,False,False,1.9062455835178935,1.8088185730482813,1.7665971612337028,22,,move,12,0,793,Isa.40.28,40-55,Isa.22.10,1-39,1291
False,False,False,2.791096862716344,1.3704591240661321,1.615306378033613,22,,null,12,0,793,Isa.40.28,40-55,,,1291
False,True,False,3.4528674273720235,1.9920101860769808,1.4608572412950427,23,True,plant,12,1,1137,Isa.58.6,56-66,Hab.2.14,,1303
False,True,False,2.602894977290491,1.971096625737138,1.3048735216470093,22,,move,12,1,1137,Isa.58.6,56-66,Isa.43.12,40-55,1291
False,True,True,3.3568384814204557,1.9742610363174746,1.9555936113990235,22,,null,12,1,1137,Isa.58.6,56-66,,,1291
False,False,True,2.6161792201041916,1.4257470159726737,1.9963097935217617,23,True,plant,12,2,546,Isa.29.8,1-39,Hab.2.6,,1303
False,False,True,3.5391763136463488,1.605354923191036,1.9338213904553128,22,,move,12,2,546,Isa.29.8,1-39,Isa.47.2,40-55,1291
False,True,True,3.81552750090741,1.9453974431786902,1.9766566291984855,22,,null,12,2,546,Isa.29.8,1-39,,,1291
False,False,False,3.4961154000724255,1.6696765080326532,1.8264388920397725,22,False,plant,12,3,321,Isa.16.7,1-39,Hab.1.3,,1303
False,False,False,1.4964505618939192,0.3664460611707544,1.1822928034164677,21,,move,12,3,321,Isa.16.7,1-39,Isa.33.1,1-39,1291
False,False,False,2.8077592865725167,1.365523088835841,1.8291321779397705,22,,null,12,3,321,Isa.16.7,1-39,,,1291
False,True,True,1.8156045173823783,1.981320301509953,1.9849419381780355,22,False,plant,12,4,1069,Isa.54.1,40-55,Hab.1.14,,1303
False,True,True,2.0237605311136644,1.938759999873978,1.917736932949063,22,,move,12,4,1069,Isa.54.1,40-55,Isa.46.11,40-55,1291
False,False,True,2.5168210246923155,0.5322460343830434,1.9857652138116757,22,,null,12,4,1069,Isa.54.1,40-55,,,1291
False,False,True,3.7670663193623244,1.7871518664883022,1.9799144528740222,22,True,plant,12,5,985,Isa.49.4,40-55,Hab.2.9,,1303
False,False,True,3.462894275062496,1.622959492517451,1.9586370758755542,22,,move,12,5,985,Isa.49.4,40-55,Isa.35.1,1-39,1291
False,False,False,3.114553809370162,1.4245012263405088,1.6900525830296533,22,,null,12,5,985,Isa.49.4,40-55,,,1291
False,False,False,1.4592307836776448,1.0099785578508418,1.2987697796190567,23,True,plant,12,6,1162,Isa.59.17,56-66,Hab.2.16,,1303
False,False,False,1.8902511961037423,1.4415047164035386,1.8362956677729119,22,,move,12,6,1162,Isa.59.17,56-66,Isa.5.20,1-39,1291
False,False,False,1.7933340294490367,1.1771568778088672,1.7474390065783592,22,,null,12,6,1162,Isa.59.17,56-66,,,1291
False,False,True,3.728431182991818,1.748157608988257,1.9802735740035613,22,True,plant,12,7,942,Isa.46.11,40-55,Hab.2.9,,1303
False,False,True,1.5890960079626337,0.9264470153729267,1.998061931498395,23,,move,12,7,942,Isa.46.11,40-55,Isa.24.2,1-39,1291
False,True,False,3.6944329644460736,1.9110915832335142,1.7833413812125594,22,,null,12,7,942,Isa.46.11,40-55,,,1291
False,False,False,1.80598719986964,1.5630586303920107,1.8177178373735006,22,False,plant,12,8,483,Isa.26.8,1-39,Hab.3.4,,1303
False,True,True,3.6489448464217995,1.927345925966997,1.9727046005656497,21,,move,12,8,483,Isa.26.8,1-39,Isa.49.18,40-55,1291
False,False,True,1.264367196764784,0.13068371640349544,1.941435117581905,22,,null,12,8,483,Isa.26.8,1-39,,,1291
True,True,True,3.930288913792084,1.9497841746866758,1.9805047391054078,24,True,plant,12,9,42,Isa.2.12,1-39,Hab.2.4,,1303
False,False,False,0.6515443650736855,0.05075327924628346,1.0703979552653848,22,,move,12,9,42,Isa.2.12,1-39,Isa.7.19,1-39,1291
False,False,False,1.3035086997538938,1.8039342708492683,-0.4870402856328467,22,,null,12,9,42,Isa.2.12,1-39,,,1291
True,True,True,3.9714885283758257,1.984046234278424,1.987442294097402,23,False,plant,12,10,205,Isa.10.10,1-39,Hab.1.7,,1303
True,True,True,3.9230366752792767,1.9735366370296556,1.9495000382496208,23,,move,12,10,205,Isa.10.10,1-39,Isa.59.21,56-66,1291
False,True,True,3.5606398002236705,1.9311952083242316,1.999642274231642,22,,null,12,10,205,Isa.10.10,1-39,,,1291
False,False,False,1.3591247095122898,1.8875773587700302,0.11470130833807085,23,True,plant,12,11,445,Isa.24.5,1-39,Hab.2.5,,1303
False,False,True,3.8257154416055936,1.8925358149337341,1.9919105330500684,22,,move,12,11,445,Isa.24.5,1-39,Isa.14.6,1-39,1291
False,True,False,3.8308923834578343,1.969241837556842,1.8616505459009924,22,,null,12,11,445,Isa.24.5,1-39,,,1291
False,False,False,3.5237858340897814,1.7761808873776523,1.7476049467121293,23,True,plant,12,12,437,Isa.23.15,1-39,Hab.2.8,,1303
False,True,False,2.917638681747925,1.9764292460415684,0.9412094357063565,22,,move,12,12,437,Isa.23.15,1-39,Isa.59.1,56-66,1291
False,False,False,1.8623387181934772,1.4945554339197826,0.5817598602089463,22,,null,12,12,437,Isa.23.15,1-39,,,1291
False,False,False,2.362539035272033,1.181573998241039,1.1809650370309939,23,True,plant,12,13,582,Isa.30.20,1-39,Hab.2.3,,1303
False,False,False,2.8394081508118685,1.0365705050546028,1.802837645757266,22,,move,12,13,582,Isa.30.20,1-39,Isa.44.17,40-55,1291
False,False,False,2.710174487339305,1.187890914915451,1.5936297020813883,22,,null,12,13,582,Isa.30.20,1-39,,,1291
False,False,True,3.716908276225047,1.7629811962350295,1.9750733211095364,22,False,plant,12,14,581,Isa.30.19,1-39,Hab.3.3,,1303
False,False,False,3.546115791658819,1.7363274009299348,1.8097883907288839,22,,move,12,14,581,Isa.30.19,1-39,Isa.13.1,1-39,1291
False,False,False,2.710174487339305,1.187890914915451,1.5936297020813883,22,,null,12,14,581,Isa.30.19,1-39,,,1291
False,False,True,3.6875749690007154,1.7311468252718538,1.9564281437288615,22,False,plant,12,15,653,Isa.34.5,1-39,Hab.3.3,,1303
False,False,False,0.9830977493293994,1.7601088938907707,-0.2592136724336176,22,,move,12,15,653,Isa.34.5,1-39,Isa.51.13,40-55,1291
False,False,True,2.796017395330139,1.837006613526752,1.9604853776252267,22,,null,12,15,653,Isa.34.5,1-39,,,1291
False,False,False,1.7922316345423133,1.437604131860733,1.859375423277008,23,True,plant,12,16,279,Isa.14.6,1-39,Hab.2.18,,1303
False,False,False,2.5133689477819843,0.9209286034860772,1.8129790947778268,22,,move,12,16,279,Isa.14.6,1-39,Isa.37.4,1-39,1291
False,False,False,3.46250702235224,1.8051107767153316,1.8026461317043605,22,,null,12,16,279,Isa.14.6,1-39,,,1291
True,True,True,3.9444863123062257,1.9457664776372525,1.998719834668973,23,True,plant,12,17,881,Isa.44.3,40-55,Hab.2.11,,1303
False,False,True,3.89706376471917,1.8981801402647058,1.998883624454464,22,,move,12,17,881,Isa.44.3,40-55,Isa.49.5,40-55,1291
True,True,True,3.9002005799866333,1.9012942578596528,1.9989063221269805,22,,null,12,17,881,Isa.44.3,40-55,,,1291
False,False,True,3.8172496269825333,1.8368640941714656,1.9803855328110678,22,True,plant,12,18,852,Isa.43.2,40-55,Hab.2.9,,1303
False,False,False,0.4994249277918884,1.2316465378982429,0.4646083848048721,22,,move,12,18,852,Isa.43.2,40-55,Isa.4.2,1-39,1291
False,True,False,2.705162360365981,1.9781984700640063,1.6482406715132476,22,,null,12,18,852,Isa.43.2,40-55,,,1291
False,False,False,3.1033182465825258,1.3700175202167846,1.7333007263657412,22,False,plant,12,19,701,Isa.37.4,1-39,Hab.1.15,,1303
False,False,False,-0.1570432825410101,0.22240436570461933,0.23129282837388276,22,,move,12,19,701,Isa.37.4,1-39,Isa.64.6,56-66,1291
False,False,True,1.8572812616832068,1.5544228375732572,1.9729839448315016,22,,null,12,19,701,Isa.37.4,1-39,,,1291
False,False,True,2.7426721688183555,1.163594350161165,1.987504892784992,22,False,plant,12,20,171,Isa.8.19,1-39,Hab.1.3,,1303
False,False,True,1.5959727724860682,1.280416909220133,1.971640683579445,22,,move,12,20,171,Isa.8.19,1-39,Isa.14.29,1-39,1291
False,False,True,3.6909790571871275,1.743327862104597,1.9476511950825304,22,,null,12,20,171,Isa.8.19,1-39,,,1291
False,False,False,0.9470478731429823,1.2078662196682748,1.32577143777294,21,False,plant,12,21,1007,Isa.49.26,40-55,Hab.1.15,,1303
True,True,True,3.98135123759779,1.9924432262233303,1.9889080113744597,23,,move,12,21,1007,Isa.49.26,40-55,Isa.43.15,40-55,1291
False,False,True,3.429326677657904,1.4959919676109936,1.9333347100469105,22,,null,12,21,1007,Isa.49.26,40-55,,,1291
False,False,False,1.3829775117461658,1.649462983959838,1.6698870329126918,23,True,plant,12,22,655,Isa.34.7,1-39,Hab.2.17,,1303
False,True,True,3.842366269016617,1.928274714547309,1.9993005801053323,22,,move,12,22,655,Isa.34.7,1-39,Isa.65.3,56-66,1291
False,False,True,2.796017395330139,0.8355320177049123,1.9604853776252267,22,,null,12,22,655,Isa.34.7,1-39,,,1291
True,True,True,3.9479659892191483,1.9918452037462133,1.9561207854729348,24,True,plant,12,23,78,Isa.3.26,1-39,Hab.2.17,,1303
True,True,True,3.9994845577995406,1.9996133111866579,1.9998712466128825,23,,move,12,23,78,Isa.3.26,1-39,Isa.60.7,56-66,1291
False,False,True,3.8463521727177348,1.846809962293465,1.9995422104242697,22,,null,12,23,78,Isa.3.26,1-39,,,1291
False,True,True,2.399234720289803,1.9638969351008921,1.9763311904125014,22,True,plant,12,24,609,Isa.32.5,1-39,Hab.3.1,,1303
False,False,False,1.1985750703297284,1.4739968461824344,0.22839179122756828,22,,move,12,24,609,Isa.32.5,1-39,Isa.60.3,56-66,1291
False,False,False,1.5748801661647045,1.5887687544110436,-0.0003802088007162426,22,,null,12,24,609,Isa.32.5,1-39,,,1291
False,False,True,3.774593024703532,1.7922566622510845,1.9940172431130345,22,True,plant,12,25,877,Isa.43.27,40-55,Hab.1.17,,1303
False,True,True,3.174557304167716,1.959659123699174,1.996582525022899,23,,move,12,25,877,Isa.43.27,40-55,Isa.19.8,1-39,1291
False,False,True,2.408169761275803,1.2613642617752119,1.9107934059182106,22,,null,12,25,877,Isa.43.27,40-55,,,1291
False,True,True,2.9183359693556667,1.968190122279066,1.9983780309335077,23,True,plant,12,26,1150,Isa.59.5,56-66,Hab.2.6,,1303
False,True,True,3.3190901612130217,1.997971054083747,1.9973231395088236,22,,move,12,26,1150,Isa.59.5,56-66,Isa.46.9,40-55,1291
False,True,True,1.7933340294490367,1.9742610363174746,1.9555936113990235,22,,null,12,26,1150,Isa.59.5,56-66,,,1291
False,False,False,2.2355548616587386,1.6962798614998906,1.4705495406427402,22,False,plant,12,27,372,Isa.19.23,1-39,Hab.1.5,,1303
False,True,False,2.003213568372183,1.966711762172337,0.7688861695091908,22,,move,12,27,372,Isa.19.23,1-39,Isa.62.12,56-66,1291
False,False,True,3.4246626128925186,1.8520540779509007,1.9111571666513882,22,,null,12,27,372,Isa.19.23,1-39,,,1291
False,False,True,1.6022241288021282,0.6734332480546149,1.9208517200813262,22,False,plant,12,28,430,Isa.23.8,1-39,Hab.1.10,,1303
False,False,False,0.2365462568341411,0.7619844066453139,-0.4467605353729834,21,,move,12,28,430,Isa.23.8,1-39,Isa.63.3,56-66,1291
False,True,False,3.691429192742378,1.97321520478589,1.7182139879564882,22,,null,12,28,430,Isa.23.8,1-39,,,1291
False,False,False,1.8760465652980591,1.7116323331677183,1.7508331568694118,22,False,plant,12,29,774,Isa.40.9,40-55,Hab.1.14,,1303
False,True,True,3.8833068749473734,1.9786814275626052,1.9985019634036016,22,,move,12,29,774,Isa.40.9,40-55,Isa.47.14,40-55,1291
False,False,False,0.3607517531872443,0.839463669867096,0.03844257154114943,22,,null,12,29,774,Isa.40.9,40-55,,,1291
False,False,True,3.20199546351492,1.3375532617974129,1.9298499429370415,21,False,plant,12,30,102,Isa.5.18,1-39,Hab.1.8,,1303
False,False,True,3.7607739212748914,1.8310531626021274,1.968430916873046,21,,move,12,30,102,Isa.5.18,1-39,Isa.14.16,1-39,1291
True,True,True,3.925134088707507,1.9511706995497788,1.984088257145932,22,,null,12,30,102,Isa.5.18,1-39,,,1291
False,True,True,2.5613809876304336,1.9772442093630584,1.998699969395073,22,False,plant,12,31,1071,Isa.54.3,40-55,Hab.1.4,,1303
False,False,True,2.707986264901663,0.7871607135380547,1.9985450398545386,22,,move,12,31,1071,Isa.54.3,40-55,Isa.37.22,1-39,1291
False,False,True,2.5168210246923155,1.864427752529957,1.9857652138116757,22,,null,12,31,1071,Isa.54.3,40-55,,,1291
False,True,True,3.7186750928253267,1.9511898080140697,1.9847411488480298,22,False,plant,12,32,980,Isa.48.21,40-55,Hab.1.9,,1303
True,True,True,3.9118077156327518,1.9489885520389787,1.962819163593773,23,,move,12,32,980,Isa.48.21,40-55,Isa.59.5,56-66,1291
False,True,False,3.8000435535371535,1.9906255609175147,1.8094179926196388,22,,null,12,32,980,Isa.48.21,40-55,,,1291
False,True,False,2.3335606098608666,1.9470050689137668,0.3865555409470996,22,False,plant,12,33,1046,Isa.52.5,40-55,Hab.1.9,,1303
False,False,False,1.8821683880826878,1.5823579675227664,0.6108434544512434,22,,move,12,33,1046,Isa.52.5,40-55,Isa.40.17,40-55,1291
False,True,True,1.2105090503442266,1.9283113417161561,1.967259926691019,22,,null,12,33,1046,Isa.52.5,40-55,,,1291
True,True,True,3.991103743006372,1.99839725302646,1.9927064899799116,22,False,plant,12,34,1024,Isa.51.6,40-55,Hab.1.5,,1303
False,True,False,3.3178635272163866,1.9954706720323798,1.3223928551840067,21,,move,12,34,1024,Isa.51.6,40-55,Isa.43.9,40-55,1291
True,True,True,3.9367099071630274,1.9992308768691553,1.937479030293872,22,,null,12,34,1024,Isa.51.6,40-55,,,1291
False,True,False,3.7492512678004566,1.9141197872612812,1.8351314805391752,22,False,plant,12,35,987,Isa.49.6,40-55,Hab.3.2,,1303
False,False,False,2.9592750957469445,1.8830107054596048,1.1633158848328145,21,,move,12,35,987,Isa.49.6,40-55,Isa.32.20,1-39,1291
False,False,True,3.86876493575104,1.892847808924496,1.9759171268265436,22,,null,12,35,987,Isa.49.6,40-55,,,1291
False,True,True,3.6262720062888905,1.9722948642113303,1.9894951057314822,23,True,plant,12,36,1051,Isa.52.10,40-55,Hab.1.17,,1303
False,False,False,3.3689428039316534,1.7181179211966666,1.6508248827349867,22,,move,12,36,1051,Isa.52.10,40-55,Isa.23.7,1-39,1291
True,True,True,3.9659463092264864,1.9742302749691407,1.9917160342573457,22,,null,12,36,1051,Isa.52.10,40-55,,,1291
False,True,False,1.830918040047552,1.9976137570610586,1.4567750620453606,23,True,plant,12,37,332,Isa.17.4,1-39,Hab.2.15,,1303
False,False,False,1.4884737638622358,1.8651350852528061,1.2675321907767942,21,,move,12,37,332,Isa.17.4,1-39,Isa.53.8,40-55,1291
False,False,False,1.6795860538013132,0.6971109902607586,1.454000948181029,22,,null,12,37,332,Isa.17.4,1-39,,,1291
False,False,True,2.076027595068873,1.59100302369552,1.9341797267051264,23,True,plant,12,38,949,Isa.47.5,40-55,Hab.2.17,,1303
False,True,False,2.755758625977351,1.9842325885181484,1.254349219746753,22,,move,12,38,949,Isa.47.5,40-55,Isa.40.15,40-55,1291
False,False,True,3.4098279040781607,1.7140461711372241,1.9967539530173262,22,,null,12,38,949,Isa.47.5,40-55,,,1291
False,True,True,3.7533803336145377,1.9943440137459285,1.98596767511201,22,False,plant,12,39,424,Isa.23.2,1-39,Hab.1.4,,1303
False,False,True,3.725033509325686,1.7923869910956496,1.9326465182300363,22,,move,12,39,424,Isa.23.2,1-39,Isa.64.3,56-66,1291
False,False,True,3.465706610963037,1.4882368583359835,1.9774697526270535,22,,null,12,39,424,Isa.23.2,1-39,,,1291
False,True,False,3.7619646028029843,1.9856792147546836,1.7762853880483007,23,True,plant,24,0,788,Isa.40.23,40-55,Hab.2.10,,1315
False,False,False,3.5903155837337857,1.823643914962499,1.7666716687712867,22,,move,24,0,788,Isa.40.23,40-55,Isa.45.2,40-55,1291
False,True,True,3.8058338686963418,1.9836666294551502,1.926121331275649,22,,null,24,0,788,Isa.40.23,40-55,,,1291
False,False,False,0.15735079156052165,0.030609115161939753,0.24307249848081555,23,True,plant,24,1,396,Isa.21.16,1-39,Hab.1.5,,1315
False,False,False,1.301732815698362,1.8016900392979114,1.7845151681181928,22,,move,24,1,396,Isa.21.16,1-39,Isa.59.2,56-66,1291
False,False,False,1.445785111576293,1.3621838085330442,1.6604056867421177,22,,null,24,1,396,Isa.21.16,1-39,,,1291
False,False,False,0.48197654482732055,0.3409928033028268,0.14098374152449378,24,True,plant,24,2,140,Isa.7.13,1-39,Hab.2.8,,1315
False,False,True,2.1872635784518346,1.2493541054378232,1.9020058037214258,22,,move,24,2,140,Isa.7.13,1-39,Isa.43.26,40-55,1291
False,False,False,0.7764858396644424,1.5883091505578557,0.5584026639999602,22,,null,24,2,140,Isa.7.13,1-39,,,1291
False,False,True,2.1759682365244473,1.7142870572082878,1.9934255291599579,24,True,plant,24,3,411,Isa.22.14,1-39,Hab.2.6,,1315
False,False,False,2.1208153978535362,1.4927293439102316,0.6280860539433046,22,,move,24,3,411,Isa.22.14,1-39,Isa.8.18,1-39,1291
False,False,False,3.13401722078499,1.4170471031252172,1.7169701176597727,22,,null,24,3,411,Isa.22.14,1-39,,,1291
False,False,True,3.625868339313591,1.6585835420711217,1.9672847972424696,23,True,plant,24,4,849,Isa.42.24,40-55,Hab.1.13,,1315
False,False,True,3.664424514068205,1.7150926187314661,1.9493318953367387,22,,move,24,4,849,Isa.42.24,40-55,Isa.61.3,56-66,1291
False,False,True,3.849568906850236,1.8799763708461925,1.9695925360040434,22,,null,24,4,849,Isa.42.24,40-55,,,1291
False,False,False,2.442613150470029,0.6513559906449643,1.7912571598250646,22,False,plant,24,5,31,Isa.2.1,1-39,Hab.1.2,,1315
False,False,False,1.0941397311608305,0.8868839416316919,1.3972667360000446,22,,move,24,5,31,Isa.2.1,1-39,Isa.22.11,1-39,1291
False,False,True,1.503935627752175,1.8039342708492683,1.990600863204806,22,,null,24,5,31,Isa.2.1,1-39,,,1291
False,False,False,0.5269944120733874,0.2260485658452791,0.7113307356318345,23,True,plant,24,6,596,Isa.31.1,1-39,Hab.2.8,,1315
False,False,False,1.6837786962917274,0.9035733466993112,0.7802053495924162,22,,move,24,6,596,Isa.31.1,1-39,Isa.11.3,1-39,1291
False,False,False,1.5748801661647045,1.5752603749654208,0.7767413079210901,22,,null,24,6,596,Isa.31.1,1-39,,,1291
False,False,False,0.9383882019962981,1.491337581868946,1.8555831605441324,23,True,plant,24,7,965,Isa.48.6,40-55,Hab.1.7,,1315
False,True,True,3.010000179601295,1.927321336115099,1.9513376402264409,21,,move,24,7,965,Isa.48.6,40-55,Isa.27.1,1-39,1291
False,True,False,1.5842917083179577,1.9978797609958543,0.4130813856696143,22,,null,24,7,965,Isa.48.6,40-55,,,1291
True,True,True,3.9215594414589567,1.9339800978825543,1.9875793435764022,24,True,plant,24,8,1008,Isa.50.1,40-55,Hab.2.9,,1315
False,True,False,1.2673295071246315,1.9007642430496072,1.4009695381532425,22,,move,24,8,1008,Isa.50.1,40-55,Isa.41.11,40-55,1291
False,True,False,1.2000813246379334,1.987778048608455,0.9664269745614342,22,,null,24,8,1008,Isa.50.1,40-55,,,1291
False,True,False,3.1688392999241097,1.9401287436802794,1.7571313946163525,23,True,plant,24,9,1249,Isa.65.8,56-66,Hab.1.15,,1315
False,True,True,2.7149270099242795,1.9668765158110633,1.9639311581306949,21,,move,24,9,1249,Isa.65.8,56-66,Isa.53.8,40-55,1291
False,True,True,3.2930758744173567,1.9956328260630984,1.9955371839525449,22,,null,24,9,1249,Isa.65.8,56-66,,,1291
False,False,True,2.4262147732900656,1.2670833465386804,1.9857523853924757,22,False,plant,24,10,674,Isa.35.9,1-39,Hab.1.2,,1315
False,True,False,1.6293101058737824,1.999159291828163,1.566952348389898,22,,move,24,10,674,Isa.35.9,1-39,Isa.10.13,1-39,1291
False,False,False,3.3031664675644175,1.4302469403024398,1.8729195272619779,22,,null,24,10,674,Isa.35.9,1-39,,,1291
False,False,True,2.901125746281822,1.6692110794150385,1.9625760386087492,23,True,plant,24,11,841,Isa.42.16,40-55,Hab.1.13,,1315
False,False,True,3.201587550206675,1.6513625467584603,1.9627744714602375,22,,move,24,11,841,Isa.42.16,40-55,Isa.29.12,1-39,1291
False,False,True,1.6525296510253622,1.6596356453452223,1.9392315098327437,22,,null,24,11,841,Isa.42.16,40-55,,,1291
False,False,True,3.108649269578601,1.125349575578465,1.983299694000136,23,True,plant,24,12,610,Isa.32.6,1-39,Hab.1.5,,1315
False,False,True,3.162477902923788,1.249756158746514,1.9127217441772744,22,,move,24,12,610,Isa.32.6,1-39,Isa.58.13,56-66,1291
False,False,True,3.175924260275824,1.6409356263422257,1.9434473028299353,22,,null,24,12,610,Isa.32.6,1-39,,,1291
False,False,False,1.1400706870560215,1.762548787754283,0.038740145290464996,23,True,plant,24,13,1056,Isa.52.15,40-55,Hab.1.13,,1315
False,False,False,1.1265823046344114,1.7411770777204085,0.14964656112044222,22,,move,24,13,1056,Isa.52.15,40-55,Isa.3.16,1-39,1291
False,True,False,3.66275556420344,1.9530677720573109,1.7096877921461293,22,,null,24,13,1056,Isa.52.15,40-55,,,1291
False,False,False,2.2875730074084704,1.3619265258962763,1.1452817920122562,23,True,plant,24,14,501,Isa.27.5,1-39,Hab.2.14,,1315
False,True,False,2.7905921417267,1.9963759145158333,0.798956788558714,22,,move,24,14,501,Isa.27.5,1-39,Isa.60.6,56-66,1291
True,True,True,3.9860985106177367,1.9953713709207144,1.990727139697022,22,,null,24,14,501,Isa.27.5,1-39,,,1291
False,False,False,3.364391478566796,1.533934706792264,1.830456771774532,24,True,plant,24,15,510,Isa.28.1,1-39,Hab.2.2,,1315
False,False,False,0.5173787666392837,0.888511444516138,-0.2616064776199041,22,,move,24,15,510,Isa.28.1,1-39,Isa.38.3,1-39,1291
False,False,True,3.7950218854119306,1.8459837892321214,1.949038096179809,22,,null,24,15,510,Isa.28.1,1-39,,,1291
False,True,False,3.8449719268440843,1.9622944756363236,1.8826774512077609,24,True,plant,24,16,172,Isa.8.20,1-39,Hab.1.16,,1315
False,False,True,1.713322128139282,1.1546443848785704,1.9884350592137092,22,,move,24,16,172,Isa.8.20,1-39,Isa.43.14,40-55,1291
False,False,False,3.449265466179778,1.8025526580512772,1.6467128081285005,22,,null,24,16,172,Isa.8.20,1-39,,,1291
False,False,True,1.5090482660428541,0.6800904725059974,1.9764214747157165,24,True,plant,24,17,607,Isa.32.3,1-39,Hab.2.8,,1315
False,False,True,2.0943116504089963,1.2182948100778486,1.9722971932443016,22,,move,24,17,607,Isa.32.3,1-39,Isa.7.2,1-39,1291
False,False,True,1.3142000661744775,1.8428901080058204,1.9685296531569256,22,,null,24,17,607,Isa.32.3,1-39,,,1291
False,False,True,3.463253534923296,1.6359356886138183,1.911757056170716,23,True,plant,24,18,436,Isa.23.14,1-39,Hab.1.11,,1315
False,False,False,3.1794407358532606,1.3512098036702478,1.8282309321830126,21,,move,24,18,436,Isa.23.14,1-39,Isa.31.3,1-39,1291
False,False,True,3.13401722078499,1.4170471031252172,1.9317151321269486,22,,null,24,18,436,Isa.23.14,1-39,,,1291
True,True,True,3.9063410616788636,1.9222838766303079,1.9840571850485558,24,True,plant,24,19,1057,Isa.53.1,40-55,Hab.2.10,,1315
False,True,False,3.5899861989636888,1.9482016095233603,1.6417845894403285,22,,move,24,19,1057,Isa.53.1,40-55,Isa.8.21,1-39,1291
False,True,True,1.654048576392404,1.9283113417161561,1.9857652138116757,22,,null,24,19,1057,Isa.53.1,40-55,,,1291
True,True,True,3.9304997888867033,1.9307067607728636,1.9997930281138396,24,True,plant,24,20,716,Isa.37.19,1-39,Hab.1.15,,1315
False,False,False,1.1664372612226819,1.587824957638664,0.15359424797668977,22,,move,24,20,716,Isa.37.19,1-39,Isa.44.24,40-55,1291
True,True,True,3.9233831631663776,1.9417344123045017,1.9816487508618756,22,,null,24,20,716,Isa.37.19,1-39,,,1291
False,False,True,3.468337830984108,1.5045175268012374,1.963820304182871,23,True,plant,24,21,1213,Isa.63.2,56-66,Hab.2.11,,1315
False,True,False,2.346764981803091,1.9589884181293258,0.8922976319656627,22,,move,24,21,1213,Isa.63.2,56-66,Isa.19.15,1-39,1291
False,True,True,3.322423673921385,1.9831035306913918,1.956338732353534,22,,null,24,21,1213,Isa.63.2,56-66,,,1291
False,True,True,3.3925769399818044,1.9744468601010745,1.994755907600387,23,True,plant,24,22,1132,Isa.58.1,56-66,Hab.2.15,,1315
False,False,False,-0.0026527944184880914,0.335476249070881,-0.23755096349603133,22,,move,24,22,1132,Isa.58.1,56-66,Isa.33.1,1-39,1291
False,False,False,2.120494126500169,1.8421976642796507,1.6703049025462937,22,,null,24,22,1132,Isa.58.1,56-66,,,1291
False,False,True,3.2978392055616825,1.6165064493179093,1.9635189140700977,24,True,plant,24,23,606,Isa.32.2,1-39,Hab.2.2,,1315
False,False,True,2.9855613445704003,1.8365069629016386,1.9601487465795036,22,,move,24,23,606,Isa.32.2,1-39,Isa.64.7,56-66,1291
False,False,True,1.3304491018631328,1.8532670664184236,1.9685296531569256,22,,null,24,23,606,Isa.32.2,1-39,,,1291
False,False,True,1.6643394452914373,1.0147335367546182,1.9975338689263988,22,True,plant,24,24,429,Isa.23.7,1-39,Hab.1.5,,1315
False,False,True,1.8094030822936427,1.6754928067864279,1.9980628984056812,21,,move,24,24,429,Isa.23.7,1-39,Isa.3.24,1-39,1291
False,False,True,2.957864622054196,1.235363794061531,1.9983081072309037,22,,null,24,24,429,Isa.23.7,1-39,,,1291
False,False,False,3.4057872041611197,1.5670627859154973,1.867208058811472,23,True,plant,24,25,1123,Isa.57.13,56-66,Hab.2.12,,1315
False,False,False,1.267223074768767,1.871679316119557,1.760799963696747,22,,move,24,25,1123,Isa.57.13,56-66,Isa.2.12,1-39,1291
False,False,True,3.411942473658971,1.417497888958611,1.99444458470036,22,,null,24,25,1123,Isa.57.13,56-66,,,1291
True,True,True,3.9381158099338975,1.959630309812503,1.9784855001213948,23,True,plant,24,26,1129,Isa.57.19,56-66,Hab.1.4,,1315
False,True,False,1.271972124029806,1.9756330977579009,1.7014951019600533,22,,move,24,26,1129,Isa.57.19,56-66,Isa.24.17,1-39,1291
False,False,False,1.5291004757110365,1.0545072666560027,1.7005632295744095,22,,null,24,26,1129,Isa.57.19,56-66,,,1291
False,False,False,1.3222140310855064,0.9984647117027129,0.6662515843519896,23,True,plant,24,27,969,Isa.48.10,40-55,Hab.1.6,,1315
False,False,True,3.252605049746593,1.2533904364173925,1.9992146133292006,22,,move,24,27,969,Isa.48.10,40-55,Isa.19.7,1-39,1291
False,True,True,3.8000435535371535,1.9906255609175147,1.9053063076480683,22,,null,24,27,969,Isa.48.10,40-55,,,1291
False,True,False,1.72717444552085,1.9941489151319958,-0.1352634179009591,22,True,plant,24,28,269,Isa.13.18,1-39,Hab.2.10,,1315
False,False,True,1.717605219414385,1.2064911091293125,1.9084989362403093,22,,move,24,28,269,Isa.13.18,1-39,Isa.60.19,56-66,1291
False,False,False,1.0228617788315533,0.8855182291724791,0.8135132571179668,22,,null,24,28,269,Isa.13.18,1-39,,,1291
False,True,True,2.027187404666726,1.9066564243516728,1.9569618236872754,23,True,plant,24,29,1130,Isa.57.20,56-66,Hab.1.14,,1315
False,True,True,3.6926384022031846,1.9826184464024463,1.9982278309414743,22,,move,24,29,1130,Isa.57.20,56-66,Isa.2.20,1-39,1291
False,False,False,1.5578414934696203,1.8421976642796507,1.6703049025462937,22,,null,24,29,1130,Isa.57.20,56-66,,,1291
False,False,True,2.3005996689763264,1.5692795275039126,1.99261829955831,22,False,plant,24,30,199,Isa.10.4,1-39,Hab.1.1,,1315
False,True,False,1.4698448150785266,1.9149871349296026,-0.3764817291402843,22,,move,24,30,199,Isa.10.4,1-39,Isa.30.25,1-39,1291
False,False,False,1.746049348127843,1.856937921351817,1.4751948774866626,22,,null,24,30,199,Isa.10.4,1-39,,,1291
False,False,False,0.6247544224752539,0.9106445222855565,1.7839941555313825,23,True,plant,24,31,853,Isa.43.3,40-55,Hab.1.5,,1315
True,True,True,3.9846138221631593,1.985195265371213,1.9994185567919462,23,,move,24,31,853,Isa.43.3,40-55,Isa.10.10,1-39,1291
False,False,True,2.211186967209,1.2464069680789116,1.9107934059182106,22,,null,24,31,853,Isa.43.3,40-55,,,1291
False,False,False,1.1710344210727377,1.789613664882459,-0.483307968650691,23,True,plant,24,32,387,Isa.21.7,1-39,Hab.1.13,,1315
False,False,False,3.185602522625984,1.8883188492309997,1.2972836733949844,22,,move,24,32,387,Isa.21.7,1-39,Isa.10.1,1-39,1291
False,False,False,0.13231600238645969,0.6685330320634717,0.5841754222588253,22,,null,24,32,387,Isa.21.7,1-39,,,1291
False,False,False,1.2081903505257299,1.7548274299149493,1.8513619638788255,23,True,plant,24,33,73,Isa.3.21,1-39,Hab.1.13,,1315
False,True,False,1.3447030756678657,1.997657242418049,1.8516524698584533,22,,move,24,33,73,Isa.3.21,1-39,Isa.25.3,1-39,1291
False,False,False,1.1497530950576476,0.5564209864510711,1.8607946655352854,22,,null,24,33,73,Isa.3.21,1-39,,,1291
False,True,False,2.068575466819459,1.992795531892035,0.1742095382636302,24,True,plant,24,34,1130,Isa.57.20,56-66,Hab.1.16,,1315
False,False,True,1.9631861207020713,1.7874687464184058,1.9244326882790614,22,,move,24,34,1130,Isa.57.20,56-66,Isa.34.12,1-39,1291
False,False,False,1.5578414934696203,1.8421976642796507,1.6703049025462937,22,,null,24,34,1130,Isa.57.20,56-66,,,1291
False,False,False,3.2364621176937263,1.5268980251380835,1.7095640925556426,24,True,plant,24,35,746,Isa.38.11,1-39,Hab.2.8,,1315
False,True,False,3.6692958567568956,1.9379595784623214,1.731336278294574,22,,move,24,35,746,Isa.38.11,1-39,Isa.57.7,56-66,1291
False,True,False,3.7097811051288025,1.9742086428777594,1.804536582976253,22,,null,24,35,746,Isa.38.11,1-39,,,1291
False,False,True,1.8756703895422098,1.607625093521592,1.9893640139151683,23,True,plant,24,36,1256,Isa.65.15,56-66,Hab.1.7,,1315
False,False,True,3.254990423255815,1.3545019778250253,1.9004884454307898,22,,move,24,36,1256,Isa.65.15,56-66,Isa.47.10,40-55,1291
False,False,True,3.8712767415023546,1.878148623024224,1.9931281184781304,22,,null,24,36,1256,Isa.65.15,56-66,,,1291
False,True,False,3.442990495683913,1.9938315664808235,1.4491589292030895,23,True,plant,24,37,990,Isa.49.9,40-55,Hab.2.14,,1315
False,False,True,3.670565463204052,1.7550964531634106,1.9994999340550121,22,,move,24,37,990,Isa.49.9,40-55,Isa.28.3,1-39,1291
False,True,False,2.3612685768307515,1.9875073462319572,1.801516821909955,22,,null,24,37,990,Isa.49.9,40-55,,,1291
False,False,False,0.15446848745201713,0.784475559800653,-0.2440488062964614,25,True,plant,24,38,564,Isa.30.2,1-39,Hab.2.8,,1315
False,False,True,1.4831510404637023,1.8977135694451048,1.9432617904841059,23,,move,24,38,564,Isa.30.2,1-39,Isa.10.11,1-39,1291
False,False,False,0.09626067548687178,0.5967262649318987,-0.18758773547901547,22,,null,24,38,564,Isa.30.2,1-39,,,1291
False,True,False,3.8356085659643737,1.9468595663094148,1.8887489996549591,24,True,plant,24,39,193,Isa.9.18,1-39,Hab.1.16,,1315
False,False,False,1.0401383699102564,1.7162270152361316,0.539487821668325,21,,move,24,39,193,Isa.9.18,1-39,Isa.33.24,1-39,1291
False,True,False,1.6087836314040187,1.9311952083242316,0.5975916432440943,22,,null,24,39,193,Isa.9.18,1-39,,,1291
