key,condition,length,trial,e_in,e_out,n
plant|1|0,plant,1,0,680,681,1292
move|1|0,move,1,0,679,680,1291
null|1|0,null,1,0,680,681,1291
plant|1|1,plant,1,1,798,799,1292
move|1|1,move,1,1,797,798,1291
null|1|1,null,1,1,798,799,1291
plant|1|2,plant,1,2,36,37,1292
move|1|2,move,1,2,36,37,1291
null|1|2,null,1,2,36,37,1291
plant|1|3,plant,1,3,238,239,1292
move|1|3,move,1,3,238,239,1291
null|1|3,null,1,3,238,239,1291
plant|1|4,plant,1,4,1196,1197,1292
move|1|4,move,1,4,1195,1196,1291
null|1|4,null,1,4,1196,1197,1291
plant|1|5,plant,1,5,489,490,1292
move|1|5,move,1,5,489,490,1291
null|1|5,null,1,5,489,490,1291
plant|1|6,plant,1,6,966,967,1292
move|1|6,move,1,6,965,966,1291
null|1|6,null,1,6,966,967,1291
plant|1|7,plant,1,7,761,762,1292
move|1|7,move,1,7,761,762,1291
null|1|7,null,1,7,761,762,1291
plant|1|8,plant,1,8,936,937,1292
move|1|8,move,1,8,936,937,1291
null|1|8,null,1,8,936,937,1291
plant|1|9,plant,1,9,691,692,1292
move|1|9,move,1,9,690,691,1291
null|1|9,null,1,9,691,692,1291
plant|1|10,plant,1,10,297,298,1292
move|1|10,move,1,10,296,297,1291
null|1|10,null,1,10,297,298,1291
plant|1|11,plant,1,11,1081,1082,1292
move|1|11,move,1,11,1080,1081,1291
null|1|11,null,1,11,1081,1082,1291
plant|1|12,plant,1,12,867,868,1292
move|1|12,move,1,12,867,868,1291
null|1|12,null,1,12,867,868,1291
plant|1|13,plant,1,13,377,378,1292
move|1|13,move,1,13,377,378,1291
null|1|13,null,1,13,377,378,1291
plant|1|14,plant,1,14,1133,1134,1292
move|1|14,move,1,14,1132,1133,1291
null|1|14,null,1,14,1133,1134,1291
plant|1|15,plant,1,15,897,898,1292
move|1|15,move,1,15,897,898,1291
null|1|15,null,1,15,897,898,1291
plant|1|16,plant,1,16,532,533,1292
move|1|16,move,1,16,532,533,1291
null|1|16,null,1,16,532,533,1291
plant|1|17,plant,1,17,855,856,1292
move|1|17,move,1,17,854,855,1291
null|1|17,null,1,17,855,856,1291
plant|1|18,plant,1,18,583,584,1292
move|1|18,move,1,18,582,583,1291
null|1|18,null,1,18,583,584,1291
plant|1|19,plant,1,19,650,651,1292
move|1|19,move,1,19,649,650,1291
null|1|19,null,1,19,650,651,1291
plant|1|20,plant,1,20,72,73,1292
move|1|20,move,1,20,72,73,1291
null|1|20,null,1,20,72,73,1291
plant|1|21,plant,1,21,799,800,1292
move|1|21,move,1,21,798,799,1291
null|1|21,null,1,21,799,800,1291
plant|1|22,plant,1,22,345,346,1292
move|1|22,move,1,22,345,346,1291
null|1|22,null,1,22,345,346,1291
plant|1|23,plant,1,23,330,331,1292
move|1|23,move,1,23,330,331,1291
null|1|23,null,1,23,330,331,1291
plant|1|24,plant,1,24,517,518,1292
move|1|24,move,1,24,517,518,1291
null|1|24,null,1,24,517,518,1291
plant|1|25,plant,1,25,1040,1041,1292
move|1|25,move,1,25,1040,1041,1291
null|1|25,null,1,25,1040,1041,1291
plant|1|26,plant,1,26,957,958,1292
move|1|26,move,1,26,956,957,1291
null|1|26,null,1,26,957,958,1291
plant|1|27,plant,1,27,776,777,1292
move|1|27,move,1,27,775,776,1291
null|1|27,null,1,27,776,777,1291
plant|1|28,plant,1,28,1055,1056,1292
move|1|28,move,1,28,1055,1056,1291
null|1|28,null,1,28,1055,1056,1291
plant|1|29,plant,1,29,1200,1201,1292
move|1|29,move,1,29,1199,1200,1291
null|1|29,null,1,29,1200,1201,1291
plant|1|30,plant,1,30,939,940,1292
move|1|30,move,1,30,938,939,1291
null|1|30,null,1,30,939,940,1291
plant|1|31,plant,1,31,556,557,1292
move|1|31,move,1,31,555,556,1291
null|1|31,null,1,31,556,557,1291
plant|1|32,plant,1,32,1066,1067,1292
move|1|32,move,1,32,1065,1066,1291
null|1|32,null,1,32,1066,1067,1291
plant|1|33,plant,1,33,602,603,1292
move|1|33,move,1,33,602,603,1291
null|1|33,null,1,33,602,603,1291
plant|1|34,plant,1,34,126,127,1292
move|1|34,move,1,34,126,127,1291
null|1|34,null,1,34,126,127,1291
plant|1|35,plant,1,35,1044,1045,1292
move|1|35,move,1,35,1043,1044,1291
null|1|35,null,1,35,1044,1045,1291
plant|1|36,plant,1,36,368,369,1292
move|1|36,move,1,36,368,369,1291
null|1|36,null,1,36,368,369,1291
plant|1|37,plant,1,37,724,725,1292
move|1|37,move,1,37,724,725,1291
null|1|37,null,1,37,724,725,1291
plant|1|38,plant,1,38,928,929,1292
move|1|38,move,1,38,927,928,1291
null|1|38,null,1,38,928,929,1291
plant|1|39,plant,1,39,249,250,1292
move|1|39,move,1,39,249,250,1291
null|1|39,null,1,39,249,250,1291
plant|3|0,plant,3,0,1111,1114,1294
move|3|0,move,3,0,1108,1111,1291
null|3|0,null,3,0,1111,1114,1291
plant|3|1,plant,3,1,1192,1195,1294
move|3|1,move,3,1,1189,1192,1291
null|3|1,null,3,1,1192,1195,1291
plant|3|2,plant,3,2,629,632,1294
move|3|2,move,3,2,626,629,1291
null|3|2,null,3,2,629,632,1291
plant|3|3,plant,3,3,915,918,1294
move|3|3,move,3,3,912,915,1291
null|3|3,null,3,3,915,918,1291
plant|3|4,plant,3,4,25,28,1294
move|3|4,move,3,4,25,28,1291
null|3|4,null,3,4,25,28,1291
plant|3|5,plant,3,5,985,988,1294
move|3|5,move,3,5,982,985,1291
null|3|5,null,3,5,985,988,1291
plant|3|6,plant,3,6,768,771,1294
move|3|6,move,3,6,768,771,1291
null|3|6,null,3,6,768,771,1291
plant|3|7,plant,3,7,76,79,1294
move|3|7,move,3,7,76,79,1291
null|3|7,null,3,7,76,79,1291
plant|3|8,plant,3,8,181,184,1294
move|3|8,move,3,8,181,184,1291
null|3|8,null,3,8,181,184,1291
plant|3|9,plant,3,9,1186,1189,1294
move|3|9,move,3,9,1183,1186,1291
null|3|9,null,3,9,1186,1189,1291
plant|3|10,plant,3,10,515,518,1294
move|3|10,move,3,10,512,515,1291
null|3|10,null,3,10,515,518,1291
plant|3|11,plant,3,11,580,583,1294
move|3|11,move,3,11,580,583,1291
null|3|11,null,3,11,580,583,1291
plant|3|12,plant,3,12,660,663,1294
move|3|12,move,3,12,660,663,1291
null|3|12,null,3,12,660,663,1291
plant|3|13,plant,3,13,644,647,1294
move|3|13,move,3,13,644,647,1291
null|3|13,null,3,13,644,647,1291
plant|3|14,plant,3,14,705,708,1294
move|3|14,move,3,14,705,708,1291
null|3|14,null,3,14,705,708,1291
plant|3|15,plant,3,15,1045,1048,1294
move|3|15,move,3,15,1042,1045,1291
null|3|15,null,3,15,1045,1048,1291
plant|3|16,plant,3,16,258,261,1294
move|3|16,move,3,16,258,261,1291
null|3|16,null,3,16,258,261,1291
plant|3|17,plant,3,17,645,648,1294
move|3|17,move,3,17,645,648,1291
null|3|17,null,3,17,645,648,1291
plant|3|18,plant,3,18,993,996,1294
move|3|18,move,3,18,990,993,1291
null|3|18,null,3,18,993,996,1291
plant|3|19,plant,3,19,281,284,1294
move|3|19,move,3,19,281,284,1291
null|3|19,null,3,19,281,284,1291
plant|3|20,plant,3,20,612,615,1294
move|3|20,move,3,20,609,612,1291
null|3|20,null,3,20,612,615,1291
plant|3|21,plant,3,21,1155,1158,1294
move|3|21,move,3,21,1152,1155,1291
null|3|21,null,3,21,1155,1158,1291
plant|3|22,plant,3,22,469,472,1294
move|3|22,move,3,22,466,469,1291
null|3|22,null,3,22,469,472,1291
plant|3|23,plant,3,23,908,911,1294
move|3|23,move,3,23,908,911,1291
null|3|23,null,3,23,908,911,1291
plant|3|24,plant,3,24,239,242,1294
move|3|24,move,3,24,239,242,1291
null|3|24,null,3,24,239,242,1291
plant|3|25,plant,3,25,95,98,1294
move|3|25,move,3,25,95,98,1291
null|3|25,null,3,25,95,98,1291
plant|3|26,plant,3,26,422,425,1294
move|3|26,move,3,26,422,425,1291
null|3|26,null,3,26,422,425,1291
plant|3|27,plant,3,27,139,142,1294
move|3|27,move,3,27,139,142,1291
null|3|27,null,3,27,139,142,1291
plant|3|28,plant,3,28,1010,1013,1294
move|3|28,move,3,28,1007,1010,1291
null|3|28,null,3,28,1010,1013,1291
plant|3|29,plant,3,29,193,196,1294
move|3|29,move,3,29,193,196,1291
null|3|29,null,3,29,193,196,1291
plant|3|30,plant,3,30,721,724,1294
move|3|30,move,3,30,718,721,1291
null|3|30,null,3,30,721,724,1291
plant|3|31,plant,3,31,136,139,1294
move|3|31,move,3,31,136,139,1291
null|3|31,null,3,31,136,139,1291
plant|3|32,plant,3,32,237,240,1294
move|3|32,move,3,32,234,237,1291
null|3|32,null,3,32,237,240,1291
plant|3|33,plant,3,33,690,693,1294
move|3|33,move,3,33,687,690,1291
null|3|33,null,3,33,690,693,1291
plant|3|34,plant,3,34,638,641,1294
move|3|34,move,3,34,635,638,1291
null|3|34,null,3,34,638,641,1291
plant|3|35,plant,3,35,202,205,1294
move|3|35,move,3,35,202,205,1291
null|3|35,null,3,35,202,205,1291
plant|3|36,plant,3,36,977,980,1294
move|3|36,move,3,36,974,977,1291
null|3|36,null,3,36,977,980,1291
plant|3|37,plant,3,37,1139,1142,1294
move|3|37,move,3,37,1136,1139,1291
null|3|37,null,3,37,1139,1142,1291
plant|3|38,plant,3,38,928,931,1294
move|3|38,move,3,38,925,928,1291
null|3|38,null,3,38,928,931,1291
plant|3|39,plant,3,39,1116,1119,1294
move|3|39,move,3,39,1113,1116,1291
null|3|39,null,3,39,1116,1119,1291
plant|6|0,plant,6,0,149,155,1297
move|6|0,move,6,0,149,155,1291
null|6|0,null,6,0,149,155,1291
plant|6|1,plant,6,1,1213,1219,1297
move|6|1,move,6,1,1207,1213,1291
null|6|1,null,6,1,1213,1219,1291
plant|6|2,plant,6,2,898,904,1297
move|6|2,move,6,2,892,898,1291
null|6|2,null,6,2,898,904,1291
plant|6|3,plant,6,3,971,977,1297
move|6|3,move,6,3,965,971,1291
null|6|3,null,6,3,971,977,1291
plant|6|4,plant,6,4,615,621,1297
move|6|4,move,6,4,609,615,1291
null|6|4,null,6,4,615,621,1291
plant|6|5,plant,6,5,1028,1034,1297
move|6|5,move,6,5,1022,1028,1291
null|6|5,null,6,5,1028,1034,1291
plant|6|6,plant,6,6,910,916,1297
move|6|6,move,6,6,910,916,1291
null|6|6,null,6,6,910,916,1291
plant|6|7,plant,6,7,607,613,1297
move|6|7,move,6,7,601,607,1291
null|6|7,null,6,7,607,613,1291
plant|6|8,plant,6,8,96,102,1297
move|6|8,move,6,8,96,102,1291
null|6|8,null,6,8,96,102,1291
plant|6|9,plant,6,9,448,454,1297
move|6|9,move,6,9,442,448,1291
null|6|9,null,6,9,448,454,1291
plant|6|10,plant,6,10,1011,1017,1297
move|6|10,move,6,10,1011,1017,1291
null|6|10,null,6,10,1011,1017,1291
plant|6|11,plant,6,11,510,516,1297
move|6|11,move,6,11,510,516,1291
null|6|11,null,6,11,510,516,1291
plant|6|12,plant,6,12,727,733,1297
move|6|12,move,6,12,727,733,1291
null|6|12,null,6,12,727,733,1291
plant|6|13,plant,6,13,954,960,1297
move|6|13,move,6,13,948,954,1291
null|6|13,null,6,13,954,960,1291
plant|6|14,plant,6,14,235,241,1297
move|6|14,move,6,14,235,241,1291
null|6|14,null,6,14,235,241,1291
plant|6|15,plant,6,15,119,125,1297
move|6|15,move,6,15,119,125,1291
null|6|15,null,6,15,119,125,1291
plant|6|16,plant,6,16,708,714,1297
move|6|16,move,6,16,708,714,1291
null|6|16,null,6,16,708,714,1291
plant|6|17,plant,6,17,304,310,1297
move|6|17,move,6,17,304,310,1291
null|6|17,null,6,17,304,310,1291
plant|6|18,plant,6,18,516,522,1297
move|6|18,move,6,18,510,516,1291
null|6|18,null,6,18,516,522,1291
plant|6|19,plant,6,19,475,481,1297
move|6|19,move,6,19,475,481,1291
null|6|19,null,6,19,475,481,1291
plant|6|20,plant,6,20,410,416,1297
move|6|20,move,6,20,404,410,1291
null|6|20,null,6,20,410,416,1291
plant|6|21,plant,6,21,597,603,1297
move|6|21,move,6,21,591,597,1291
null|6|21,null,6,21,597,603,1291
plant|6|22,plant,6,22,30,36,1297
move|6|22,move,6,22,30,36,1291
null|6|22,null,6,22,30,36,1291
plant|6|23,plant,6,23,91,97,1297
move|6|23,move,6,23,91,97,1291
null|6|23,null,6,23,91,97,1291
plant|6|24,plant,6,24,560,566,1297
move|6|24,move,6,24,560,566,1291
null|6|24,null,6,24,560,566,1291
plant|6|25,plant,6,25,135,141,1297
move|6|25,move,6,25,135,141,1291
null|6|25,null,6,25,135,141,1291
plant|6|26,plant,6,26,482,488,1297
move|6|26,move,6,26,476,482,1291
null|6|26,null,6,26,482,488,1291
plant|6|27,plant,6,27,817,823,1297
move|6|27,move,6,27,811,817,1291
null|6|27,null,6,27,817,823,1291
plant|6|28,plant,6,28,949,955,1297
move|6|28,move,6,28,943,949,1291
null|6|28,null,6,28,949,955,1291
plant|6|29,plant,6,29,555,561,1297
move|6|29,move,6,29,549,555,1291
null|6|29,null,6,29,555,561,1291
plant|6|30,plant,6,30,235,241,1297
move|6|30,move,6,30,235,241,1291
null|6|30,null,6,30,235,241,1291
plant|6|31,plant,6,31,245,251,1297
move|6|31,move,6,31,245,251,1291
null|6|31,null,6,31,245,251,1291
plant|6|32,plant,6,32,275,281,1297
move|6|32,move,6,32,275,281,1291
null|6|32,null,6,32,275,281,1291
plant|6|33,plant,6,33,610,616,1297
move|6|33,move,6,33,604,610,1291
null|6|33,null,6,33,610,616,1291
plant|6|34,plant,6,34,1119,1125,1297
move|6|34,move,6,34,1113,1119,1291
null|6|34,null,6,34,1119,1125,1291
plant|6|35,plant,6,35,57,63,1297
move|6|35,move,6,35,57,63,1291
null|6|35,null,6,35,57,63,1291
plant|6|36,plant,6,36,1218,1224,1297
move|6|36,move,6,36,1212,1218,1291
null|6|36,null,6,36,1218,1224,1291
plant|6|37,plant,6,37,1263,1269,1297
move|6|37,move,6,37,1257,1263,1291
null|6|37,null,6,37,1263,1269,1291
plant|6|38,plant,6,38,825,831,1297
move|6|38,move,6,38,819,825,1291
null|6|38,null,6,38,825,831,1291
plant|6|39,plant,6,39,1111,1117,1297
move|6|39,move,6,39,1105,1111,1291
null|6|39,null,6,39,1111,1117,1291
plant|12|0,plant,12,0,897,909,1303
move|12|0,move,12,0,885,897,1291
null|12|0,null,12,0,897,909,1291
plant|12|1,plant,12,1,878,890,1303
move|12|1,move,12,1,866,878,1291
null|12|1,null,12,1,878,890,1291
plant|12|2,plant,12,2,809,821,1303
move|12|2,move,12,2,797,809,1291
null|12|2,null,12,2,809,821,1291
plant|12|3,plant,12,3,521,533,1303
move|12|3,move,12,3,521,533,1291
null|12|3,null,12,3,521,533,1291
plant|12|4,plant,12,4,229,241,1303
move|12|4,move,12,4,229,241,1291
null|12|4,null,12,4,229,241,1291
plant|12|5,plant,12,5,366,378,1303
move|12|5,move,12,5,354,366,1291
null|12|5,null,12,5,366,378,1291
plant|12|6,plant,12,6,1174,1186,1303
move|12|6,move,12,6,1162,1174,1291
null|12|6,null,12,6,1174,1186,1291
plant|12|7,plant,12,7,895,907,1303
move|12|7,move,12,7,883,895,1291
null|12|7,null,12,7,895,907,1291
plant|12|8,plant,12,8,1122,1134,1303
move|12|8,move,12,8,1110,1122,1291
null|12|8,null,12,8,1122,1134,1291
plant|12|9,plant,12,9,371,383,1303
move|12|9,move,12,9,371,383,1291
null|12|9,null,12,9,371,383,1291
plant|12|10,plant,12,10,585,597,1303
move|12|10,move,12,10,585,597,1291
null|12|10,null,12,10,585,597,1291
plant|12|11,plant,12,11,744,756,1303
move|12|11,move,12,11,744,756,1291
null|12|11,null,12,11,744,756,1291
plant|12|12,plant,12,12,973,985,1303
move|12|12,move,12,12,973,985,1291
null|12|12,null,12,12,973,985,1291
plant|12|13,plant,12,13,197,209,1303
move|12|13,move,12,13,197,209,1291
null|12|13,null,12,13,197,209,1291
plant|12|14,plant,12,14,1227,1239,1303
move|12|14,move,12,14,1215,1227,1291
null|12|14,null,12,14,1227,1239,1291
plant|12|15,plant,12,15,1057,1069,1303
move|12|15,move,12,15,1045,1057,1291
null|12|15,null,12,15,1057,1069,1291
plant|12|16,plant,12,16,795,807,1303
move|12|16,move,12,16,783,795,1291
null|12|16,null,12,16,795,807,1291
plant|12|17,plant,12,17,648,660,1303
move|12|17,move,12,17,636,648,1291
null|12|17,null,12,17,648,660,1291
plant|12|18,plant,12,18,1211,1223,1303
move|12|18,move,12,18,1199,1211,1291
null|12|18,null,12,18,1211,1223,1291
plant|12|19,plant,12,19,145,157,1303
move|12|19,move,12,19,145,157,1291
null|12|19,null,12,19,145,157,1291
plant|12|20,plant,12,20,1263,1275,1303
move|12|20,move,12,20,1251,1263,1291
null|12|20,null,12,20,1263,1275,1291
plant|12|21,plant,12,21,539,551,1303
move|12|21,move,12,21,539,551,1291
null|12|21,null,12,21,539,551,1291
plant|12|22,plant,12,22,1225,1237,1303
move|12|22,move,12,22,1213,1225,1291
null|12|22,null,12,22,1225,1237,1291
plant|12|23,plant,12,23,927,939,1303
move|12|23,move,12,23,915,927,1291
null|12|23,null,12,23,927,939,1291
plant|12|24,plant,12,24,931,943,1303
move|12|24,move,12,24,919,931,1291
null|12|24,null,12,24,931,943,1291
plant|12|25,plant,12,25,249,261,1303
move|12|25,move,12,25,249,261,1291
null|12|25,null,12,25,249,261,1291
plant|12|26,plant,12,26,501,513,1303
move|12|26,move,12,26,501,513,1291
null|12|26,null,12,26,501,513,1291
plant|12|27,plant,12,27,1003,1015,1303
move|12|27,move,12,27,1003,1015,1291
null|12|27,null,12,27,1003,1015,1291
plant|12|28,plant,12,28,474,486,1303
move|12|28,move,12,28,462,474,1291
null|12|28,null,12,28,474,486,1291
plant|12|29,plant,12,29,542,554,1303
move|12|29,move,12,29,542,554,1291
null|12|29,null,12,29,542,554,1291
plant|12|30,plant,12,30,923,935,1303
move|12|30,move,12,30,911,923,1291
null|12|30,null,12,30,923,935,1291
plant|12|31,plant,12,31,1249,1261,1303
move|12|31,move,12,31,1237,1249,1291
null|12|31,null,12,31,1249,1261,1291
plant|12|32,plant,12,32,1074,1086,1303
move|12|32,move,12,32,1062,1074,1291
null|12|32,null,12,32,1074,1086,1291
plant|12|33,plant,12,33,1015,1027,1303
move|12|33,move,12,33,1003,1015,1291
null|12|33,null,12,33,1015,1027,1291
plant|12|34,plant,12,34,186,198,1303
move|12|34,move,12,34,186,198,1291
null|12|34,null,12,34,186,198,1291
plant|12|35,plant,12,35,1205,1217,1303
move|12|35,move,12,35,1193,1205,1291
null|12|35,null,12,35,1205,1217,1291
plant|12|36,plant,12,36,810,822,1303
move|12|36,move,12,36,798,810,1291
null|12|36,null,12,36,810,822,1291
plant|12|37,plant,12,37,1171,1183,1303
move|12|37,move,12,37,1159,1171,1291
null|12|37,null,12,37,1171,1183,1291
plant|12|38,plant,12,38,1249,1261,1303
move|12|38,move,12,38,1237,1249,1291
null|12|38,null,12,38,1249,1261,1291
plant|12|39,plant,12,39,785,797,1303
move|12|39,move,12,39,773,785,1291
null|12|39,null,12,39,785,797,1291
plant|24|0,plant,24,0,417,441,1315
move|24|0,move,24,0,417,441,1291
null|24|0,null,24,0,417,441,1291
plant|24|1,plant,24,1,191,215,1315
move|24|1,move,24,1,191,215,1291
null|24|1,null,24,1,191,215,1291
plant|24|2,plant,24,2,522,546,1315
move|24|2,move,24,2,522,546,1291
null|24|2,null,24,2,522,546,1291
plant|24|3,plant,24,3,145,169,1315
move|24|3,move,24,3,145,169,1291
null|24|3,null,24,3,145,169,1291
plant|24|4,plant,24,4,158,182,1315
move|24|4,move,24,4,158,182,1291
null|24|4,null,24,4,158,182,1291
plant|24|5,plant,24,5,30,54,1315
move|24|5,move,24,5,30,54,1291
null|24|5,null,24,5,30,54,1291
plant|24|6,plant,24,6,937,961,1315
move|24|6,move,24,6,913,937,1291
null|24|6,null,24,6,937,961,1291
plant|24|7,plant,24,7,286,310,1315
move|24|7,move,24,7,286,310,1291
null|24|7,null,24,7,286,310,1291
plant|24|8,plant,24,8,904,928,1315
move|24|8,move,24,8,904,928,1291
null|24|8,null,24,8,904,928,1291
plant|24|9,plant,24,9,656,680,1315
move|24|9,move,24,9,632,656,1291
null|24|9,null,24,9,656,680,1291
plant|24|10,plant,24,10,154,178,1315
move|24|10,move,24,10,154,178,1291
null|24|10,null,24,10,154,178,1291
plant|24|11,plant,24,11,1112,1136,1315
move|24|11,move,24,11,1088,1112,1291
null|24|11,null,24,11,1112,1136,1291
plant|24|12,plant,24,12,821,845,1315
move|24|12,move,24,12,797,821,1291
null|24|12,null,24,12,821,845,1291
plant|24|13,plant,24,13,823,847,1315
move|24|13,move,24,13,799,823,1291
null|24|13,null,24,13,823,847,1291
plant|24|14,plant,24,14,887,911,1315
move|24|14,move,24,14,863,887,1291
null|24|14,null,24,14,887,911,1291
plant|24|15,plant,24,15,776,800,1315
move|24|15,move,24,15,776,800,1291
null|24|15,null,24,15,776,800,1291
plant|24|16,plant,24,16,218,242,1315
move|24|16,move,24,16,218,242,1291
null|24|16,null,24,16,218,242,1291
plant|24|17,plant,24,17,683,707,1315
move|24|17,move,24,17,659,683,1291
null|24|17,null,24,17,683,707,1291
plant|24|18,plant,24,18,658,682,1315
move|24|18,move,24,18,634,658,1291
null|24|18,null,24,18,658,682,1291
plant|24|19,plant,24,19,562,586,1315
move|24|19,move,24,19,538,562,1291
null|24|19,null,24,19,562,586,1291
plant|24|20,plant,24,20,746,770,1315
move|24|20,move,24,20,722,746,1291
null|24|20,null,24,20,746,770,1291
plant|24|21,plant,24,21,175,199,1315
move|24|21,move,24,21,175,199,1291
null|24|21,null,24,21,175,199,1291
plant|24|22,plant,24,22,714,738,1315
move|24|22,move,24,22,714,738,1291
null|24|22,null,24,22,714,738,1291
plant|24|23,plant,24,23,957,981,1315
move|24|23,move,24,23,933,957,1291
null|24|23,null,24,23,957,981,1291
plant|24|24,plant,24,24,253,277,1315
move|24|24,move,24,24,253,277,1291
null|24|24,null,24,24,253,277,1291
plant|24|25,plant,24,25,298,322,1315
move|24|25,move,24,25,298,322,1291
null|24|25,null,24,25,298,322,1291
plant|24|26,plant,24,26,1071,1095,1315
move|24|26,move,24,26,1047,1071,1291
null|24|26,null,24,26,1071,1095,1291
plant|24|27,plant,24,27,723,747,1315
move|24|27,move,24,27,723,747,1291
null|24|27,null,24,27,723,747,1291
plant|24|28,plant,24,28,129,153,1315
move|24|28,move,24,28,129,153,1291
null|24|28,null,24,28,129,153,1291
plant|24|29,plant,24,29,597,621,1315
move|24|29,move,24,29,597,621,1291
null|24|29,null,24,29,597,621,1291
plant|24|30,plant,24,30,407,431,1315
move|24|30,move,24,30,383,407,1291
null|24|30,null,24,30,407,431,1291
plant|24|31,plant,24,31,129,153,1315
move|24|31,move,24,31,129,153,1291
null|24|31,null,24,31,129,153,1291
plant|24|32,plant,24,32,366,390,1315
move|24|32,move,24,32,342,366,1291
null|24|32,null,24,32,366,390,1291
plant|24|33,plant,24,33,550,574,1315
move|24|33,move,24,33,550,574,1291
null|24|33,null,24,33,550,574,1291
plant|24|34,plant,24,34,1145,1169,1315
move|24|34,move,24,34,1121,1145,1291
null|24|34,null,24,34,1145,1169,1291
plant|24|35,plant,24,35,866,890,1315
move|24|35,move,24,35,866,890,1291
null|24|35,null,24,35,866,890,1291
plant|24|36,plant,24,36,804,828,1315
move|24|36,move,24,36,804,828,1291
null|24|36,null,24,36,804,828,1291
plant|24|37,plant,24,37,1163,1187,1315
move|24|37,move,24,37,1139,1163,1291
null|24|37,null,24,37,1163,1187,1291
plant|24|38,plant,24,38,1182,1206,1315
move|24|38,move,24,38,1158,1182,1291
null|24|38,null,24,38,1182,1206,1291
plant|24|39,plant,24,39,1104,1128,1315
move|24|39,move,24,39,1080,1104,1291
null|24|39,null,24,39,1104,1128,1291
