verse,n_words,ppl_gpt_before,ppl_gpt_after,pll_before,pll_after,zg_after,zd_after,hit_shared,hit_gpt,hit_dicta
Isa.26.17,11,87.8912666989,331.5901654713016,30060.3028427153,80801.87214296672,1.4313207075039764,0.5070818003614834,False,False,False
Isa.10.1,7,1221.8103975239,2933.6749734805358,78279.793976873,73256.8641736049,1.9568681667032017,1.597655007379803,False,True,False
Isa.22.8,11,646.297286641,2122.0707651207517,6142.7971682212,120236.34664450478,-0.09104673169390581,-0.3687743458520758,False,False,False
Isa.44.10,7,449.7512055766,740.0100031805887,8754.3869684864,38940.00286376906,1.7627896892352513,1.3727112695069148,False,False,False
Isa.45.11,14,651.9622540132,5094.6870546965265,1808.6032584504,94245.89092426276,1.978783105869177,1.9305036268909475,True,True,True
Isa.40.14,12,59.1826200318,290.4019735646222,33918.2759380828,154927.96339270473,-0.3449030802008074,1.9967257854263254,False,False,True
Isa.32.19,6,2465.7921702718,3403.977794886532,202097.0411014543,1127339.0203928438,1.9654588913204616,1.9985551628819713,True,True,True
Isa.27.2,6,203.640596646,439.82635657971866,476.6976893181,4362.322833493815,-0.24570395480782956,0.32787395845185263,False,False,False
Isa.14.24,14,31.1274951332,320.4597854188048,695.9643233066,37352.4708890186,1.640151195955135,1.81982419189674,False,False,False
Isa.19.5,6,207.214214116,15264.491128605332,44123.3628612516,296870.28029946476,1.9961436514917794,1.4486977935722085,False,True,False
Isa.60.5,15,121.9973041238,790.1404333201572,1319.2455948789,49636.0048899492,1.9412193062337049,0.26076126118277176,False,True,False
Isa.40.16,8,2816.2593885286,4519.806579096127,1670.8056379569,23755.53468690834,1.998034923756184,0.7489160077012647,False,True,False
Isa.49.12,11,104.3566410778,757.7962014209983,201.2268565048,5383.9347619552,1.9541246500767364,1.8123771522105783,False,True,False
Isa.41.17,15,93.515075067,826.0164786038409,7260.0696359263,315974.537781318,1.8328461047523414,1.8474912026106762,False,False,False
Isa.46.13,12,57.9361435448,183.51431423887396,156166.9378378052,477594.2881887002,1.9193271210916174,1.993673682756275,False,True,True
Isa.9.13,9,413.3713541815,2427.0508644144334,5215.5625765855,384641.9707624908,1.8438260845237306,1.9567643084126538,False,False,True
Isa.50.8,12,2200.1544988199,11607.729581429781,45294.0019368096,59983.21712136367,1.9995861301474533,0.6635208064020234,False,True,False
Isa.43.13,10,615.6833751734,2467.780041581728,22384.8618894521,35970.18886338162,1.9988303004525565,1.2936531921451329,False,True,False
Isa.33.15,19,177.8439171684,1182.8179734238547,3239.1932106434,64881.25384923621,1.374286571436714,0.8866072190964213,False,False,False
Isa.17.2,8,258.9367650175,2640.078368982505,208631.656011502,1503116.4706742559,1.6232286326429775,1.9990404019849386,False,False,True
Isa.27.11,20,172.1108116417,1132.5700189257727,12725.7177431873,45796.537910717634,1.9053940917723036,0.9247082620159291,False,True,False
Isa.5.24,25,233.4448146222,1773.9046886118165,7496.2017810571,73468.50384371002,1.97476759801829,1.9294856040161203,True,True,True
Isa.34.12,9,710.1826524403,1717.419033398759,2436.5731935945,21741.749716790626,1.9633076439186443,1.0828820491389746,False,True,False
Isa.52.4,14,146.3148327564,784.516179474589,5470.8052731949,34328.39228888274,1.953651456694124,1.9438107958447675,True,True,True
Isa.63.4,7,34.3133626077,335.5590026527477,576.1103667706,8277.253753020465,0.7446937370283911,0.8863787782623884,False,False,False
Isa.6.3,14,14.7751352727,380.6049537916619,2.5591055705,325.90190606869584,1.930019646549214,-0.27677460799959597,False,True,False
Isa.8.1,15,86.5242241941,1177.5219524950166,457.8664458632,8930.585163443457,1.9071757827481666,1.4620696134493811,False,True,False
Isa.5.25,25,53.0816134971,922.6113213134875,392.2139191733,16418.761533784203,1.928488020848312,0.9243037446660864,False,True,False
Isa.48.21,12,719.9540519146,1069.70244845044,185754.7077324582,247059.33347522817,1.901777664168613,1.7178791888108504,False,True,False
Isa.48.10,7,830.0354814724,6488.274622169278,12054.7588173922,28267.296173077837,1.9838238620583233,1.4841999624909616,False,True,False
