length,gap,pct_spliced,pct_untouched
12,18,99.14794732765299,19.8295894655306
12,19,84.27575522850503,98.52827265685515
12,18,84.66305189775369,97.0565453137103
12,25,97.13400464756003,73.66382649109218
12,19,99.92254066615027,76.99457784663052
12,13,95.73973663826492,90.39504260263361
12,16,96.281951975213,97.0565453137103
12,23,69.55848179705654,92.64136328427576
12,10,84.27575522850503,96.20449264136329
12,10,96.97908597986057,77.69171185127807
12,25,90.6274206041828,49.88381099922541
12,23,93.8032532920217,82.571649883811
12,13,98.60573199070488,55.2285050348567
12,25,95.42989930286599,99.14794732765299
12,23,55.30596436870643,58.40433772269559
12,19,94.73276529821844,48.56700232378002
12,15,94.73276529821844,98.76065065840433
12,16,72.1146398140976,82.95894655305965
12,20,97.13400464756003,84.7405112316034
12,12,97.13400464756003,90.6274206041828
12,16,81.95197521301317,72.65685515104569
12,12,91.32455460883037,94.81022463206816
12,15,95.81719597211465,97.36638264910921
12,24,92.56390395042602,62.432223082881485
12,21,65.6855151045701,96.5143299767622
12,23,97.67621998450812,92.09914794732765
12,10,86.83191324554609,96.43687064291248
12,25,74.59333849728893,31.216111541440743
12,13,79.00852052672347,95.35243996901627
12,21,87.52904725019364,93.72579395817195
12,24,95.73973663826492,89.00077459333849
12,18,84.66305189775369,88.14872192099148
12,12,95.50735863671572,91.78931061192874
12,19,100.0,96.59178931061193
12,12,96.20449264136329,40.58869093725794
12,11,43.45468628969791,93.72579395817195
12,10,62.12238574748257,67.8543764523625
12,21,96.82416731216111,99.14794732765299
12,11,83.57862122385747,99.38032532920217
12,21,88.53601859024013,92.40898528272656
12,22,96.97908597986057,85.43764523625097
12,22,84.50813323005421,91.09217660728117
12,11,89.62044926413633,97.36638264910921
12,13,90.39504260263361,73.81874515879163
12,16,41.05344694035632,87.29666924864446
12,11,97.0565453137103,89.23315259488768
12,15,92.25406661502711,62.432223082881485
12,21,98.76065065840433,86.59953524399691
12,21,94.03563129357087,69.24864446165763
12,17,98.21843532145623,94.96514329976762
12,18,75.13555383423703,79.16343919442292
12,14,64.67854376452362,82.95894655305965
12,16,95.12006196746708,65.6855151045701
12,14,95.35243996901627,60.185902401239346
12,15,66.84740511231604,77.2269558481797
12,24,86.75445391169636,84.89542989930287
12,18,82.49419054996126,99.61270333075134
12,22,93.26103795507359,95.50735863671572
12,15,98.99302865995352,76.91711851278079
12,11,88.69093725793958,96.82416731216111
24,11,90.00774593338498,88.14872192099148
24,15,96.82416731216111,80.48024786986832
24,12,85.43764523625097,81.02246320681643
24,21,76.76219984508134,74.20604182804028
24,19,99.14794732765299,77.7691711851278
24,11,95.9721146398141,98.21843532145623
24,15,84.4306738962045,83.50116189000775
24,15,91.86676994577847,79.78311386522076
24,13,73.74128582494191,79.24089852827265
24,20,94.19054996127034,76.37490317583269
24,19,87.3741285824942,88.76839659178931
24,17,96.66924864446166,97.98605731990705
24,14,99.14794732765299,94.65530596436871
24,13,91.1696359411309,81.4872192099148
24,24,100.0,90.39504260263361
24,15,69.55848179705654,98.29589465530596
24,20,97.98605731990705,87.83888458559257
24,23,82.95894655305965,92.40898528272656
24,11,73.66382649109218,90.39504260263361
24,13,97.13400464756003,14.717273431448488
24,15,93.88071262587142,23.315259488768397
24,18,91.32455460883037,95.81719597211465
24,21,94.57784663051898,78.85360185902401
24,13,93.5708752904725,95.58481797056545
24,10,89.93028659953525,56.23547637490317
24,10,77.30441518202944,86.28969790859799
24,15,95.12006196746708,85.43764523625097
24,17,91.4020139426801,88.22618125484121
24,17,91.09217660728117,76.99457784663052
24,25,97.67621998450812,76.99457784663052
24,10,90.00774593338498,89.93028659953525
24,24,96.59178931061193,76.99457784663052
24,20,99.14794732765299,88.22618125484121
24,13,85.43764523625097,49.88381099922541
24,10,94.50038729666926,58.79163439194423
24,21,72.1146398140976,84.7405112316034
24,18,76.91711851278079,99.53524399690163
24,18,83.03640588690936,69.55848179705654
24,11,66.38264910921767,62.12238574748257
24,15,98.06351665375678,90.39504260263361
24,24,88.07126258714175,56.23547637490317
24,15,91.47947327652982,71.18512780790086
24,15,78.23392718822618,93.8032532920217
24,13,96.35941130906274,96.20449264136329
24,18,98.29589465530596,80.01549186676995
24,18,99.4577846630519,94.1130906274206
24,15,83.96591789310612,90.6274206041828
24,19,85.28272656855151,67.54453911696359
24,21,90.31758326878389,93.64833462432223
24,23,98.45081332300542,63.129357087529044
24,14,96.82416731216111,82.0294345468629
24,18,94.1130906274206,88.92331525948876
24,12,94.19054996127034,91.01471727343144
24,10,91.09217660728117,81.33230054221534
24,18,88.45855925639039,63.129357087529044
24,21,96.04957397366383,90.00774593338498
24,16,93.18357862122386,73.81874515879163
24,19,91.32455460883037,94.81022463206816
24,19,82.95894655305965,60.34082106893881
24,20,91.86676994577847,98.60573199070488
